country,iso3,week_end_date,total_confirmed_cases,total_suspected_cases,total_deaths,total_suspected_deaths,new_confirmed_cases,new_suspected_cases,new_deaths,new_suspected_deaths
Nigeria,NGA,22/09/2024,939,1183,9,0,5,75,0,0
Rwanda,RWA,22/09/2024,6,6,0,0,0,0,0,0
Congo,COG,22/09/2024,47,184,2,0,0,0,0,0
Benin,BEN,29/09/2024,3,NA,0,NA,0,0,0,0
Central African Republic,CAF,29/09/2024,104,347,2,1,2,12,0,0
Burundi,BDI,29/09/2024,853,2188,0,0,157,309,0,0
Côte d’Ivoire,CIV,29/09/2024,67,331,1,0,5,3,0,0
Congo,COG,29/09/2024,47,184,2,0,0,0,0,0
Cameroon,CMR,29/09/2024,51,89,5,2,0,8,0,0
Democratic Republic of the Congo,COD,29/09/2024,7095,30766,27,990,212,1856,0,52
Cameroon,CMR,22/09/2024,51,81,5,2,0,21,0,0
Central African Republic,CAF,22/09/2024,102,335,2,1,3,27,0,0
Democratic Republic of the Congo,COD,22/09/2024,6883,28910,27,938,209,2130,0,56
Burundi,BDI,22/09/2024,696,1879,0,0,132,322,0,0
Côte d’Ivoire,CIV,22/09/2024,62,328,1,0,10,43,0,0
Congo,COG,15/09/2024,47,184,2,0,0,0,0,0
Ghana,GHA,22/09/2024,128,NA,4,NA,0,0,0,0
Gabon,GAB,22/09/2024,2,15,0,0,0,0,0,0
Guinea,GIN,22/09/2024,1,8,0,0,0,0,0,0
Liberia,LBR,22/09/2024,29,147,0,0,0,0,0,0
South Africa,ZAF,22/09/2024,30,25,3,3,0,0,0,0
Uganda,UGA,22/09/2024,35,120,0,0,6,0,0,0
Benin,BEN,22/09/2024,3,NA,0,NA,0,0,0,0
Kenya,KEN,22/09/2024,5,115,0,0,0,0,0,0
Mozambique,MOZ,22/09/2024,1,NA,1,NA,0,0,0,0
Gabon,GAB,29/09/2024,2,15,0,0,0,0,0,0
Guinea,GIN,29/09/2024,1,8,0,0,0,0,0,0
Ghana,GHA,29/09/2024,128,NA,4,NA,0,0,0,0
Mozambique,MOZ,29/09/2024,1,NA,1,NA,0,0,0,0
Nigeria,NGA,29/09/2024,945,1237,9,0,6,54,0,0
Rwanda,RWA,29/09/2024,6,6,0,0,0,0,0,0
Kenya,KEN,29/09/2024,8,208,0,0,3,93,0,0
Liberia,LBR,29/09/2024,30,167,0,0,1,20,0,0
South Africa,ZAF,29/09/2024,30,25,3,3,0,0,0,0
Uganda,UGA,29/09/2024,49,120,0,0,14,0,0,0
Benin,BEN,06/10/2024,3,NA,0,NA,0,0,0,0
Burundi,BDI,06/10/2024,987,2569,0,0,134,381,0,0
Congo,COG,06/10/2024,47,184,2,0,0,0,0,0
Côte d’Ivoire,CIV,06/10/2024,67,331,1,0,0,0,0,0
Gabon,GAB,06/10/2024,2,15,0,0,0,0,0,0
Democratic Republic of the Congo,COD,06/10/2024,7414,31350,27,992,319,584,0,2
Liberia,LBR,06/10/2024,31,167,0,0,1,0,0,0
Mozambique,MOZ,06/10/2024,1,NA,1,NA,0,0,0,0
Morocco,MAR,06/10/2024,7,0,0,0,1,0,0,0
Kenya,KEN,06/10/2024,12,230,0,0,4,22,0,0
Nigeria,NGA,06/10/2024,945,1237,9,0,0,0,0,0
Uganda,UGA,06/10/2024,69,120,0,0,20,0,0,0
Rwanda,RWA,06/10/2024,6,6,0,0,0,0,0,0
Cameroon,CMR,06/10/2024,51,97,5,2,0,8,0,0
Central African Republic,CAF,06/10/2024,104,347,2,1,0,0,0,0
Ghana,GHA,06/10/2024,129,1,4,0,1,1,0,0
Guinea,GIN,06/10/2024,1,8,0,0,0,0,0,0
South Africa,ZAF,06/10/2024,30,25,3,3,0,0,0,0
Benin,BEN,27/02/2022,0,NA,0,NA,0,0,0,0
Benin,BEN,06/02/2022,0,NA,0,NA,0,0,0,0
Benin,BEN,01/05/2022,0,NA,0,NA,0,0,0,0
Benin,BEN,05/06/2022,0,NA,0,NA,0,0,0,0
Benin,BEN,30/01/2022,0,NA,0,NA,0,0,0,0
Benin,BEN,24/04/2022,0,NA,0,NA,0,0,0,0
Benin,BEN,29/05/2022,0,NA,0,NA,0,0,0,0
Benin,BEN,22/05/2022,0,NA,0,NA,0,0,0,0
Cameroon,CMR,06/02/2022,0,NA,0,NA,0,0,0,0
Benin,BEN,09/01/2022,0,NA,0,NA,0,0,0,0
Benin,BEN,03/04/2022,0,NA,0,NA,0,0,0,0
Benin,BEN,08/05/2022,0,NA,0,NA,0,0,0,0
Congo,COG,06/02/2022,0,NA,0,NA,0,0,0,0
Congo,COG,13/03/2022,0,NA,0,NA,0,0,0,0
Congo,COG,16/01/2022,0,NA,0,NA,0,0,0,0
Congo,COG,20/02/2022,0,NA,0,NA,0,0,0,0
Cameroon,CMR,30/01/2022,0,NA,0,NA,0,0,0,0
Congo,COG,27/03/2022,0,NA,0,NA,0,0,0,0
Congo,COG,25/08/2024,47,184,2,0,0,15,0,0
Cameroon,CMR,16/01/2022,0,NA,0,NA,0,0,0,0
Cameroon,CMR,20/02/2022,0,NA,0,NA,0,0,0,0
Côte d’Ivoire,CIV,30/06/2024,0,0,0,0,0,0,0,0
Democratic Republic of the Congo,COD,16/01/2022,0,NA,0,NA,0,0,0,0
Democratic Republic of the Congo,COD,10/04/2022,0,NA,0,NA,0,0,0,0
Democratic Republic of the Congo,COD,15/05/2022,0,NA,0,NA,0,0,0,0
Congo,COG,23/01/2022,0,NA,0,NA,0,0,0,0
Congo,COG,17/04/2022,0,NA,0,NA,0,0,0,0
Cameroon,CMR,13/02/2022,0,NA,0,NA,0,0,0,0
Democratic Republic of the Congo,COD,20/02/2022,0,NA,0,NA,0,0,0,0
Democratic Republic of the Congo,COD,27/03/2022,0,NA,0,NA,0,0,0,0
Cameroon,CMR,23/01/2022,0,NA,0,NA,0,0,0,0
Cameroon,CMR,27/02/2022,0,NA,0,NA,0,0,0,0
Congo,COG,27/02/2022,0,NA,0,NA,0,0,0,0
Congo,COG,03/04/2022,0,NA,0,NA,0,0,0,0
Gabon,GAB,18/08/2024,0,0,0,0,0,0,0,0
Democratic Republic of the Congo,COD,09/01/2022,0,NA,0,NA,0,0,0,0
Democratic Republic of the Congo,COD,03/04/2022,0,NA,0,NA,0,0,0,0
Democratic Republic of the Congo,COD,08/05/2022,0,NA,0,NA,0,0,0,0
Ghana,GHA,23/01/2022,0,NA,0,NA,0,0,0,0
Congo,COG,30/01/2022,0,NA,0,NA,0,0,0,0
Democratic Republic of the Congo,COD,06/02/2022,0,NA,0,NA,0,0,0,0
Democratic Republic of the Congo,COD,01/05/2022,0,NA,0,NA,0,0,0,0
Democratic Republic of the Congo,COD,13/03/2022,0,NA,0,NA,0,0,0,0
Democratic Republic of the Congo,COD,17/04/2022,0,NA,0,NA,0,0,0,0
Liberia,LBR,06/02/2022,0,NA,0,NA,0,0,0,0
Liberia,LBR,13/03/2022,0,NA,0,NA,0,0,0,0
Liberia,LBR,17/04/2022,0,NA,0,NA,0,0,0,0
Liberia,LBR,10/07/2022,0,NA,0,NA,0,0,0,0
Congo,COG,09/01/2022,0,NA,0,NA,0,0,0,0
Congo,COG,13/02/2022,0,NA,0,NA,0,0,0,0
Congo,COG,20/03/2022,0,NA,0,NA,0,0,0,0
Mozambique,MOZ,27/03/2022,0,NA,0,NA,0,0,0,0
Mozambique,MOZ,01/05/2022,0,NA,0,NA,0,0,0,0
Mozambique,MOZ,05/06/2022,0,NA,0,NA,0,0,0,0
Mozambique,MOZ,28/08/2022,0,NA,0,NA,0,0,0,0
Democratic Republic of the Congo,COD,23/01/2022,0,NA,0,NA,0,0,0,0
Democratic Republic of the Congo,COD,27/02/2022,0,NA,0,NA,0,0,0,0
Ghana,GHA,30/01/2022,0,NA,0,NA,0,0,0,0
Ghana,GHA,16/01/2022,0,NA,0,NA,0,0,0,0
Ghana,GHA,20/02/2022,0,NA,0,NA,0,0,0,0
Mozambique,MOZ,02/10/2022,0,NA,0,NA,0,0,0,0
Ghana,GHA,13/02/2022,0,NA,0,NA,0,0,0,0
Liberia,LBR,06/03/2022,0,NA,0,NA,0,0,0,0
Liberia,LBR,10/04/2022,0,NA,0,NA,0,0,0,0
Liberia,LBR,03/07/2022,0,NA,0,NA,0,0,0,0
Rwanda,RWA,21/07/2024,0,0,0,0,0,0,0,0
Liberia,LBR,27/03/2022,0,NA,0,NA,0,0,0,0
Liberia,LBR,01/05/2022,0,NA,0,NA,0,0,0,0
Liberia,LBR,05/06/2022,0,NA,0,NA,0,0,0,0
Liberia,LBR,30/01/2022,0,NA,0,NA,0,0,0,0
Liberia,LBR,24/04/2022,0,NA,0,NA,0,0,0,0
Liberia,LBR,29/05/2022,0,NA,0,NA,0,0,0,0
Mozambique,MOZ,09/01/2022,0,NA,0,NA,0,0,0,0
Mozambique,MOZ,03/04/2022,0,NA,0,NA,0,0,0,0
Mozambique,MOZ,08/05/2022,0,NA,0,NA,0,0,0,0
Mozambique,MOZ,31/07/2022,0,NA,0,NA,0,0,0,0
Mozambique,MOZ,04/09/2022,0,NA,0,NA,0,0,0,0
South Africa,ZAF,09/01/2022,0,NA,0,NA,0,0,0,0
South Africa,ZAF,03/04/2022,0,NA,0,NA,0,0,0,0
South Africa,ZAF,08/05/2022,0,NA,0,NA,0,0,0,0
South Africa,ZAF,12/06/2022,0,NA,0,NA,0,0,0,0
Mozambique,MOZ,13/02/2022,0,NA,0,NA,0,0,0,0
Mozambique,MOZ,20/03/2022,0,NA,0,NA,0,0,0,0
Mozambique,MOZ,12/06/2022,0,NA,0,NA,0,0,0,0
Mozambique,MOZ,17/07/2022,0,NA,0,NA,0,0,0,0
Mozambique,MOZ,06/02/2022,0,NA,0,NA,0,0,0,0
Mozambique,MOZ,13/03/2022,0,NA,0,NA,0,0,0,0
Mozambique,MOZ,17/04/2022,0,NA,0,NA,0,0,0,0
Mozambique,MOZ,10/07/2022,0,NA,0,NA,0,0,0,0
Mozambique,MOZ,14/08/2022,0,NA,0,NA,0,0,0,0
Liberia,LBR,13/02/2022,0,NA,0,NA,0,0,0,0
Liberia,LBR,20/03/2022,0,NA,0,NA,0,0,0,0
Liberia,LBR,12/06/2022,0,NA,0,NA,0,0,0,0
Liberia,LBR,17/07/2022,0,NA,0,NA,0,0,0,0
Liberia,LBR,16/01/2022,0,NA,0,NA,0,0,0,0
Liberia,LBR,20/02/2022,0,NA,0,NA,0,0,0,0
Liberia,LBR,15/05/2022,0,NA,0,NA,0,0,0,0
Liberia,LBR,19/06/2022,0,NA,0,NA,0,0,0,0
Liberia,LBR,24/07/2022,0,NA,0,NA,0,0,0,0
South Africa,ZAF,13/02/2022,0,NA,0,NA,0,0,0,0
South Africa,ZAF,20/03/2022,0,NA,0,NA,0,0,0,0
South Africa,ZAF,24/04/2022,0,NA,0,NA,0,0,0,0
Mozambique,MOZ,30/01/2022,0,NA,0,NA,0,0,0,0
Mozambique,MOZ,24/04/2022,0,NA,0,NA,0,0,0,0
Mozambique,MOZ,29/05/2022,0,NA,0,NA,0,0,0,0
Mozambique,MOZ,21/08/2022,0,NA,0,NA,0,0,0,0
Mozambique,MOZ,25/09/2022,0,NA,0,NA,0,0,0,0
South Africa,ZAF,23/01/2022,0,NA,0,NA,0,0,0,0
South Africa,ZAF,27/02/2022,0,NA,0,NA,0,0,0,0
South Africa,ZAF,22/05/2022,0,NA,0,NA,0,0,0,0
South Africa,ZAF,26/06/2022,0,NA,0,NA,0,0,0,0
South Africa,ZAF,20/02/2022,0,NA,0,NA,0,0,0,0
South Africa,ZAF,27/03/2022,0,NA,0,NA,0,0,0,0
South Africa,ZAF,19/06/2022,0,NA,0,NA,0,0,0,0
Mozambique,MOZ,23/01/2022,0,NA,0,NA,0,0,0,0
Mozambique,MOZ,27/02/2022,0,NA,0,NA,0,0,0,0
Mozambique,MOZ,22/05/2022,0,NA,0,NA,0,0,0,0
Mozambique,MOZ,26/06/2022,0,NA,0,NA,0,0,0,0
Mozambique,MOZ,18/09/2022,0,NA,0,NA,0,0,0,0
Uganda,UGA,30/06/2024,0,0,0,0,0,0,0,0
South Africa,ZAF,16/01/2022,0,NA,0,NA,0,0,0,0
South Africa,ZAF,10/04/2022,0,NA,0,NA,0,0,0,0
South Africa,ZAF,15/05/2022,0,NA,0,NA,0,0,0,0
South Africa,ZAF,30/01/2022,0,NA,0,NA,0,0,0,0
South Africa,ZAF,06/03/2022,0,NA,0,NA,0,0,0,0
South Africa,ZAF,29/05/2022,0,NA,0,NA,0,0,0,0
Benin,BEN,16/01/2022,0,NA,0,NA,0,0,0,0
Benin,BEN,20/02/2022,0,NA,0,NA,0,0,0,0
Benin,BEN,27/03/2022,0,NA,0,NA,0,0,0,0
Benin,BEN,19/06/2022,0,NA,0,NA,0,0,0,0
Burundi,BDI,21/07/2024,0,0,0,0,0,0,0,0
Cameroon,CMR,09/01/2022,0,NA,0,NA,0,0,0,0
Congo,COG,06/03/2022,0,NA,0,NA,0,0,0,0
Congo,COG,10/04/2022,0,NA,0,NA,0,0,0,0
Democratic Republic of the Congo,COD,13/02/2022,0,NA,0,NA,0,0,0,0
Democratic Republic of the Congo,COD,20/03/2022,0,NA,0,NA,0,0,0,0
Democratic Republic of the Congo,COD,24/04/2022,0,NA,0,NA,0,0,0,0
Liberia,LBR,23/01/2022,0,NA,0,NA,0,0,0,0
Liberia,LBR,27/02/2022,0,NA,0,NA,0,0,0,0
Liberia,LBR,22/05/2022,0,NA,0,NA,0,0,0,0
Liberia,LBR,26/06/2022,0,NA,0,NA,0,0,0,0
Mozambique,MOZ,16/01/2022,0,NA,0,NA,0,0,0,0
Mozambique,MOZ,20/02/2022,0,NA,0,NA,0,0,0,0
Mozambique,MOZ,15/05/2022,0,NA,0,NA,0,0,0,0
Mozambique,MOZ,19/06/2022,0,NA,0,NA,0,0,0,0
Mozambique,MOZ,24/07/2022,0,NA,0,NA,0,0,0,0
Rwanda,RWA,14/07/2024,0,0,0,0,0,0,0,0
South Africa,ZAF,06/02/2022,0,NA,0,NA,0,0,0,0
South Africa,ZAF,01/05/2022,0,NA,0,NA,0,0,0,0
South Africa,ZAF,05/06/2022,0,NA,0,NA,0,0,0,0
Democratic Republic of the Congo,COD,30/01/2022,0,NA,0,NA,0,0,0,0
Democratic Republic of the Congo,COD,06/03/2022,0,NA,0,NA,0,0,0,0
Democratic Republic of the Congo,COD,18/08/2024,5850,19120,27,641,252,1864,0,35
Ghana,GHA,06/02/2022,0,NA,0,NA,0,0,0,0
Kenya,KEN,21/07/2024,0,0,0,0,0,0,0,0
Liberia,LBR,09/01/2022,0,NA,0,NA,0,0,0,0
Liberia,LBR,03/04/2022,0,NA,0,NA,0,0,0,0
Liberia,LBR,08/05/2022,0,NA,0,NA,0,0,0,0
Mozambique,MOZ,06/03/2022,0,NA,0,NA,0,0,0,0
Mozambique,MOZ,10/04/2022,0,NA,0,NA,0,0,0,0
Mozambique,MOZ,03/07/2022,0,NA,0,NA,0,0,0,0
Mozambique,MOZ,07/08/2022,0,NA,0,NA,0,0,0,0
Mozambique,MOZ,11/09/2022,0,NA,0,NA,0,0,0,0
South Africa,ZAF,13/03/2022,0,NA,0,NA,0,0,0,0
South Africa,ZAF,17/04/2022,0,NA,0,NA,0,0,0,0
Uganda,UGA,25/08/2024,11,93,0,0,6,8,0,0
Democratic Republic of the Congo,COD,25/08/2024,6092,21018,27,686,242,1898,0,45
Benin,BEN,03/07/2022,3,NA,0,NA,0,0,0,0
Benin,BEN,07/08/2022,3,NA,0,NA,0,0,0,0
Benin,BEN,30/10/2022,3,NA,0,NA,0,0,0,0
Benin,BEN,04/12/2022,3,NA,0,NA,0,0,0,0
Benin,BEN,08/01/2023,3,NA,0,NA,0,0,0,0
Benin,BEN,02/04/2023,3,NA,0,NA,0,0,0,0
Benin,BEN,07/05/2023,3,NA,0,NA,0,0,0,0
Benin,BEN,30/07/2023,3,NA,0,NA,0,0,0,0
Benin,BEN,03/09/2023,3,NA,0,NA,0,0,0,0
Benin,BEN,26/11/2023,3,NA,0,NA,0,0,0,0
Benin,BEN,31/12/2023,3,NA,0,NA,0,0,0,0
Benin,BEN,04/02/2024,3,NA,0,NA,0,0,0,0
Benin,BEN,28/04/2024,3,NA,0,NA,0,0,0,0
Benin,BEN,02/06/2024,3,NA,0,NA,0,0,0,0
Benin,BEN,11/09/2022,3,NA,0,NA,0,0,0,0
Benin,BEN,16/10/2022,3,NA,0,NA,0,0,0,0
Benin,BEN,20/11/2022,3,NA,0,NA,0,0,0,0
Benin,BEN,12/02/2023,3,NA,0,NA,0,0,0,0
Benin,BEN,19/03/2023,3,NA,0,NA,0,0,0,0
Benin,BEN,11/06/2023,3,NA,0,NA,0,0,0,0
Benin,BEN,16/07/2023,3,NA,0,NA,0,0,0,0
Benin,BEN,08/10/2023,3,NA,0,NA,0,0,0,0
Benin,BEN,12/11/2023,3,NA,0,NA,0,0,0,0
Benin,BEN,17/12/2023,3,NA,0,NA,0,0,0,0
Benin,BEN,10/03/2024,3,NA,0,NA,0,0,0,0
Benin,BEN,14/04/2024,3,NA,0,NA,0,0,0,0
Benin,BEN,07/07/2024,3,NA,0,NA,0,0,0,0
Benin,BEN,18/09/2022,3,NA,0,NA,0,0,0,0
Benin,BEN,23/10/2022,3,NA,0,NA,0,0,0,0
Benin,BEN,15/01/2023,3,NA,0,NA,0,0,0,0
Benin,BEN,19/02/2023,3,NA,0,NA,0,0,0,0
Benin,BEN,14/05/2023,3,NA,0,NA,0,0,0,0
Benin,BEN,18/06/2023,3,NA,0,NA,0,0,0,0
Benin,BEN,23/07/2023,3,NA,0,NA,0,0,0,0
Benin,BEN,15/10/2023,3,NA,0,NA,0,0,0,0
South Africa,ZAF,11/08/2024,29,24,3,3,0,0,0,0
Rwanda,RWA,18/08/2024,4,4,0,0,0,0,0,0
South Africa,ZAF,18/08/2024,29,24,3,3,0,0,0,0
Uganda,UGA,11/08/2024,3,70,0,0,1,18,0,0
Benin,BEN,11/08/2024,3,NA,0,NA,0,0,0,0
Liberia,LBR,18/08/2024,23,66,0,0,0,5,0,0
Rwanda,RWA,11/08/2024,4,4,0,0,0,0,0,0
Uganda,UGA,18/08/2024,5,85,0,0,2,15,0,0
Egypt,EGY,18/12/2022,3,0,0,0,1,0,0,0
Egypt,EGY,11/12/2022,2,0,0,0,1,0,0,0
Morocco,MAR,12/06/2022,1,0,0,0,0,0,0,0
Morocco,MAR,04/09/2022,3,0,0,0,2,0,0,0
Morocco,MAR,05/06/2022,1,0,0,0,1,0,0,0
Sudan,SDN,11/09/2022,4,0,0,0,2,0,0,0
Sudan,SDN,07/08/2022,1,0,0,0,1,0,0,0
Sudan,SDN,25/09/2022,7,0,1,0,1,0,0,0
Sudan,SDN,02/10/2022,17,0,1,0,10,0,0,0
Sudan,SDN,18/09/2022,6,0,1,0,2,0,1,0
Morocco,MAR,19/06/2022,1,0,0,0,0,0,0,0
Sudan,SDN,14/08/2022,2,0,0,0,1,0,0,0
Sudan,SDN,23/10/2022,18,0,1,0,1,0,0,0
Sudan,SDN,09/04/2023,19,0,1,0,1,0,0,0
Egypt,EGY,02/10/2022,1,0,0,0,1,0,0,0
Burundi,BDI,01/09/2024,328,1129,0,0,97,309,0,0
Kenya,KEN,01/09/2024,4,80,0,0,2,28,0,0
Uganda,UGA,01/09/2024,15,101,0,0,4,8,0,0
Ghana,GHA,25/08/2024,128,NA,4,NA,0,0,0,0
Guinea,GIN,01/09/2024,1,4,0,0,1,4,0,0
Liberia,LBR,01/09/2024,24,85,0,0,1,12,0,0
Liberia,LBR,25/08/2024,23,73,0,0,0,7,0,0
Gabon,GAB,01/09/2024,2,15,0,0,1,9,0,0
Ghana,GHA,01/09/2024,128,NA,4,NA,0,0,0,0
Gabon,GAB,25/08/2024,1,6,0,0,1,6,0,0
Morocco,MAR,17/03/2024,5,0,0,0,1,0,0,0
Morocco,MAR,08/10/2023,4,0,0,0,1,0,0,0
Nigeria,NGA,25/08/2024,911,885,9,0,10,72,0,0
Kenya,KEN,25/08/2024,2,52,0,0,1,20,0,0
Benin,BEN,13/02/2022,0,NA,0,NA,0,0,0,0
Benin,BEN,20/03/2022,0,NA,0,NA,0,0,0,0
Benin,BEN,12/06/2022,0,NA,0,NA,0,0,0,0
Benin,BEN,06/03/2022,0,NA,0,NA,0,0,0,0
Benin,BEN,10/04/2022,0,NA,0,NA,0,0,0,0
Benin,BEN,15/05/2022,0,NA,0,NA,0,0,0,0
Benin,BEN,13/03/2022,0,NA,0,NA,0,0,0,0
Benin,BEN,17/04/2022,0,NA,0,NA,0,0,0,0
Benin,BEN,23/01/2022,0,NA,0,NA,0,0,0,0
Liberia,LBR,18/09/2022,3,NA,0,NA,0,0,0,0
Liberia,LBR,23/10/2022,3,NA,0,NA,0,0,0,0
Liberia,LBR,15/01/2023,6,NA,0,NA,0,0,0,0
Liberia,LBR,12/02/2023,7,NA,0,NA,0,0,0,0
Liberia,LBR,11/06/2023,12,NA,0,NA,0,0,0,0
Liberia,LBR,03/09/2023,12,NA,0,NA,0,0,0,0
Liberia,LBR,08/10/2023,12,NA,0,NA,0,0,0,0
Liberia,LBR,25/02/2024,20,17,0,0,0,0,0,0
Liberia,LBR,24/03/2024,21,26,0,0,0,0,0,0
Liberia,LBR,21/04/2024,22,36,0,0,0,0,0,0
Liberia,LBR,26/05/2024,22,36,0,0,0,0,0,0
Mozambique,MOZ,11/12/2022,1,NA,1,NA,0,0,0,0
Mozambique,MOZ,15/01/2023,1,NA,1,NA,0,0,0,0
Mozambique,MOZ,09/04/2023,1,NA,1,NA,0,0,0,0
Mozambique,MOZ,14/05/2023,1,NA,1,NA,0,0,0,0
Mozambique,MOZ,18/06/2023,1,NA,1,NA,0,0,0,0
Mozambique,MOZ,10/09/2023,1,NA,1,NA,0,0,0,0
Mozambique,MOZ,15/10/2023,1,NA,1,NA,0,0,0,0
Liberia,LBR,10/03/2024,21,26,0,0,1,9,0,0
Liberia,LBR,14/04/2024,22,36,0,0,0,0,0,0
Liberia,LBR,07/07/2024,22,42,0,0,0,0,0,0
Mozambique,MOZ,08/01/2023,1,NA,1,NA,0,0,0,0
Mozambique,MOZ,12/02/2023,1,NA,1,NA,0,0,0,0
Mozambique,MOZ,07/05/2023,1,NA,1,NA,0,0,0,0
Mozambique,MOZ,11/06/2023,1,NA,1,NA,0,0,0,0
Mozambique,MOZ,03/09/2023,1,NA,1,NA,0,0,0,0
Mozambique,MOZ,08/10/2023,1,NA,1,NA,0,0,0,0
Mozambique,MOZ,12/11/2023,1,NA,1,NA,0,0,0,0
Mozambique,MOZ,04/02/2024,1,NA,1,NA,0,0,0,0
Mozambique,MOZ,10/03/2024,1,NA,1,NA,0,0,0,0
Mozambique,MOZ,02/06/2024,1,NA,1,NA,0,0,0,0
Mozambique,MOZ,07/07/2024,1,NA,1,NA,0,0,0,0
Nigeria,NGA,30/01/2022,3,NA,0,NA,0,0,0,0
Nigeria,NGA,27/02/2022,4,NA,0,NA,0,0,0,0
Nigeria,NGA,17/04/2022,14,NA,1,NA,1,0,0,0
Nigeria,NGA,24/04/2022,14,NA,1,NA,0,0,0,0
South Africa,ZAF,03/03/2024,5,NA,0,NA,0,0,0,0
South Africa,ZAF,07/04/2024,5,NA,0,NA,0,0,0,0
South Africa,ZAF,02/06/2024,8,3,1,1,1,1,0,0
South Africa,ZAF,04/08/2024,29,24,3,3,2,2,0,0
Ghana,GHA,26/06/2022,23,NA,0,NA,1,0,0,0
Ghana,GHA,10/07/2022,34,NA,0,NA,5,0,0,0
Ghana,GHA,11/12/2022,117,NA,4,NA,6,0,0,0
Ghana,GHA,04/06/2023,128,NA,4,NA,0,0,0,0
Ghana,GHA,27/08/2023,128,NA,4,NA,0,0,0,0
Ghana,GHA,01/10/2023,128,NA,4,NA,0,0,0,0
Ghana,GHA,05/11/2023,128,NA,4,NA,0,0,0,0
Ghana,GHA,28/01/2024,128,NA,4,NA,0,0,0,0
Ghana,GHA,03/03/2024,128,NA,4,NA,0,0,0,0
Ghana,GHA,26/05/2024,128,NA,4,NA,0,0,0,0
Ghana,GHA,30/06/2024,128,NA,4,NA,0,0,0,0
Liberia,LBR,11/09/2022,3,NA,0,NA,0,0,0,0
Liberia,LBR,16/10/2022,3,NA,0,NA,0,0,0,0
Liberia,LBR,11/12/2022,6,NA,0,NA,2,0,0,0
Liberia,LBR,08/01/2023,6,NA,0,NA,0,0,0,0
Liberia,LBR,05/02/2023,7,NA,0,NA,0,0,0,0
Liberia,LBR,07/05/2023,12,NA,0,NA,0,0,0,0
Liberia,LBR,04/06/2023,12,NA,0,NA,0,0,0,0
Liberia,LBR,27/08/2023,12,NA,0,NA,0,0,0,0
Liberia,LBR,01/10/2023,12,NA,0,NA,0,0,0,0
Liberia,LBR,05/11/2023,12,NA,0,NA,0,0,0,0
Liberia,LBR,31/12/2023,17,NA,0,NA,0,0,0,0
Liberia,LBR,28/01/2024,18,4,0,0,0,0,0,0
Liberia,LBR,17/03/2024,21,26,0,0,0,0,0,0
Liberia,LBR,19/05/2024,22,36,0,0,0,0,0,0
Liberia,LBR,23/06/2024,22,38,0,0,0,2,0,0
Mozambique,MOZ,16/10/2022,1,NA,0,NA,0,0,0,0
Mozambique,MOZ,23/10/2022,1,NA,1,NA,0,0,1,0
Mozambique,MOZ,13/11/2022,1,NA,1,NA,0,0,0,0
Mozambique,MOZ,18/12/2022,1,NA,1,NA,0,0,0,0
Mozambique,MOZ,22/01/2023,1,NA,1,NA,0,0,0,0
Mozambique,MOZ,16/04/2023,1,NA,1,NA,0,0,0,0
Mozambique,MOZ,21/05/2023,1,NA,1,NA,0,0,0,0
Mozambique,MOZ,13/08/2023,1,NA,1,NA,0,0,0,0
Mozambique,MOZ,17/09/2023,1,NA,1,NA,0,0,0,0
Mozambique,MOZ,10/12/2023,1,NA,1,NA,0,0,0,0
Mozambique,MOZ,14/01/2024,1,NA,1,NA,0,0,0,0
Mozambique,MOZ,18/02/2024,1,NA,1,NA,0,0,0,0
Mozambique,MOZ,12/05/2024,1,NA,1,NA,0,0,0,0
Mozambique,MOZ,16/06/2024,1,NA,1,NA,0,0,0,0
Nigeria,NGA,13/02/2022,3,NA,0,NA,0,0,0,0
Nigeria,NGA,06/03/2022,6,NA,0,NA,2,0,0,0
Nigeria,NGA,03/04/2022,11,NA,0,NA,1,0,0,0
Nigeria,NGA,22/05/2022,21,NA,1,NA,2,0,0,0
Nigeria,NGA,19/06/2022,41,NA,2,NA,5,0,0,0
Nigeria,NGA,13/11/2022,638,NA,7,NA,14,0,0,0
Nigeria,NGA,20/11/2022,659,NA,7,NA,21,0,0,0
Nigeria,NGA,12/03/2023,820,NA,9,NA,7,0,0,0
Nigeria,NGA,04/06/2023,842,NA,9,NA,0,0,0,0
Nigeria,NGA,02/07/2023,843,NA,9,NA,0,0,0,0
Nigeria,NGA,24/09/2023,846,NA,9,NA,0,0,0,0
Nigeria,NGA,29/10/2023,846,NA,9,NA,0,0,0,0
Nigeria,NGA,03/12/2023,859,NA,9,NA,4,0,0,0
Nigeria,NGA,10/12/2023,859,NA,9,NA,0,0,0,0
Nigeria,NGA,24/03/2024,873,279,9,0,0,25,0,0
Nigeria,NGA,12/05/2024,885,461,9,0,0,22,0,0
Nigeria,NGA,28/07/2024,899,727,9,0,0,13,0,0
South Africa,ZAF,24/07/2022,2,NA,0,NA,0,0,0,0
South Africa,ZAF,31/07/2022,3,NA,0,NA,1,0,0,0
South Africa,ZAF,20/11/2022,5,NA,0,NA,0,0,0,0
South Africa,ZAF,25/12/2022,5,NA,0,NA,0,0,0,0
South Africa,ZAF,19/03/2023,5,NA,0,NA,0,0,0,0
South Africa,ZAF,23/04/2023,5,NA,0,NA,0,0,0,0
South Africa,ZAF,28/05/2023,5,NA,0,NA,0,0,0,0
South Africa,ZAF,20/08/2023,5,NA,0,NA,0,0,0,0
South Africa,ZAF,24/09/2023,5,NA,0,NA,0,0,0,0
South Africa,ZAF,17/12/2023,5,NA,0,NA,0,0,0,0
South Africa,ZAF,21/01/2024,5,NA,0,NA,0,0,0,0
South Africa,ZAF,14/04/2024,5,NA,0,NA,0,0,0,0
South Africa,ZAF,30/06/2024,21,16,3,3,0,0,0,0
Uganda,UGA,14/07/2024,2,28,0,0,1,10,0,0
Uganda,UGA,21/07/2024,2,35,0,0,0,7,0,0
Burundi,BDI,18/08/2024,153,572,0,0,70,239,0,0
Benin,BEN,18/08/2024,3,NA,0,NA,0,0,0,0
Burundi,BDI,25/08/2024,231,820,0,0,78,248,0,0
Cameroon,CMR,18/08/2024,50,39,5,2,0,3,0,0
Cameroon,CMR,11/08/2024,50,36,5,2,0,2,0,0
Central African Republic,CAF,18/08/2024,92,265,2,1,0,5,0,0
Côte d’Ivoire,CIV,28/07/2024,9,11,0,0,4,6,0,0
Côte d’Ivoire,CIV,18/08/2024,34,56,1,0,13,23,1,0
Congo,COG,18/08/2024,47,169,2,0,0,2,0,0
Nigeria,NGA,08/09/2024,928,1037,9,0,9,78,0,0
Mozambique,MOZ,01/09/2024,1,NA,1,NA,0,0,0,0
Benin,BEN,25/08/2024,3,NA,0,NA,0,0,0,0
Burundi,BDI,08/09/2024,385,1360,0,0,57,231,0,0
Democratic Republic of the Congo,COD,08/09/2024,6477,24802,27,817,184,1952,0,67
Ghana,GHA,08/09/2024,128,NA,4,NA,0,0,0,0
Central African Republic,CAF,08/09/2024,94,286,2,1,0,8,0,0
Cameroon,CMR,25/08/2024,50,43,5,2,0,4,0,0
Cameroon,CMR,01/09/2024,51,47,5,2,1,4,0,0
Congo,COG,08/09/2024,47,184,2,0,0,0,0,0
Guinea,GIN,25/08/2024,0,0,0,0,0,0,0,0
Kenya,KEN,08/09/2024,5,115,0,0,1,35,0,0
Rwanda,RWA,01/09/2024,4,4,0,0,0,0,0,0
Rwanda,RWA,08/09/2024,4,4,0,0,0,0,0,0
South Africa,ZAF,25/08/2024,29,24,3,3,0,0,0,0
Uganda,UGA,08/09/2024,23,112,0,0,8,11,0,0
Liberia,LBR,08/09/2024,26,113,0,0,2,28,0,0
South Africa,ZAF,08/09/2024,30,25,3,3,1,1,0,0
Rwanda,RWA,25/08/2024,4,4,0,0,0,0,0,0
Cameroon,CMR,08/09/2024,51,54,5,2,0,7,0,0
Gabon,GAB,08/09/2024,2,15,0,0,0,0,0,0
South Africa,ZAF,01/09/2024,29,24,3,3,0,0,0,0
Nigeria,NGA,30/04/2023,835,NA,9,NA,0,0,0,0
Nigeria,NGA,28/05/2023,842,NA,9,NA,0,0,0,0
Nigeria,NGA,25/06/2023,843,NA,9,NA,0,0,0,0
Nigeria,NGA,23/07/2023,844,NA,9,NA,0,0,0,0
Nigeria,NGA,17/09/2023,846,NA,9,NA,0,0,0,0
Nigeria,NGA,22/10/2023,846,NA,9,NA,0,0,0,0
Nigeria,NGA,19/11/2023,847,NA,9,NA,0,0,0,0
Nigeria,NGA,04/02/2024,863,64,9,0,0,9,0,0
Nigeria,NGA,03/03/2024,867,191,9,0,0,40,0,0
Nigeria,NGA,02/06/2024,888,553,9,0,1,40,0,0
South Africa,ZAF,28/08/2022,5,NA,0,NA,1,0,0,0
South Africa,ZAF,23/10/2022,5,NA,0,NA,0,0,0,0
South Africa,ZAF,27/11/2022,5,NA,0,NA,0,0,0,0
South Africa,ZAF,01/01/2023,5,NA,0,NA,0,0,0,0
South Africa,ZAF,26/03/2023,5,NA,0,NA,0,0,0,0
South Africa,ZAF,30/04/2023,5,NA,0,NA,0,0,0,0
South Africa,ZAF,23/07/2023,5,NA,0,NA,0,0,0,0
South Africa,ZAF,27/08/2023,5,NA,0,NA,0,0,0,0
Cameroon,CMR,03/09/2023,43,NA,3,NA,0,0,0,0
Cameroon,CMR,10/09/2023,44,NA,3,NA,1,0,0,0
Cameroon,CMR,01/10/2023,44,NA,3,NA,0,0,0,0
Cameroon,CMR,08/10/2023,45,NA,3,NA,1,0,0,0
Cameroon,CMR,03/12/2023,45,NA,3,NA,0,0,0,0
Cameroon,CMR,07/01/2024,45,0,3,0,0,0,0,0
Cameroon,CMR,25/02/2024,47,12,4,1,0,1,0,0
Cameroon,CMR,31/03/2024,47,21,4,1,0,2,0,0
Cameroon,CMR,28/04/2024,50,26,5,2,0,0,0,0
Cameroon,CMR,21/07/2024,50,34,5,2,0,0,0,0
Ghana,GHA,27/03/2022,2,NA,0,NA,0,0,0,0
Ghana,GHA,01/05/2022,2,NA,0,NA,0,0,0,0
Ghana,GHA,17/07/2022,36,NA,0,NA,2,0,0,0
Ghana,GHA,21/08/2022,79,NA,4,NA,11,0,3,0
Ghana,GHA,02/10/2022,105,NA,4,NA,4,0,0,0
Ghana,GHA,09/10/2022,105,NA,4,NA,0,0,0,0
Ghana,GHA,30/10/2022,108,NA,4,NA,2,0,0,0
Ghana,GHA,27/11/2022,111,NA,4,NA,3,0,0,0
Liberia,LBR,05/05/2024,22,36,0,0,0,0,0,0
Liberia,LBR,28/07/2024,22,51,0,0,0,4,0,0
Mozambique,MOZ,09/10/2022,1,NA,0,NA,1,0,0,0
Mozambique,MOZ,01/01/2023,1,NA,1,NA,0,0,0,0
Mozambique,MOZ,05/02/2023,1,NA,1,NA,0,0,0,0
Mozambique,MOZ,12/03/2023,1,NA,1,NA,0,0,0,0
Mozambique,MOZ,04/06/2023,1,NA,1,NA,0,0,0,0
Mozambique,MOZ,09/07/2023,1,NA,1,NA,0,0,0,0
Mozambique,MOZ,01/10/2023,1,NA,1,NA,0,0,0,0
Mozambique,MOZ,05/11/2023,1,NA,1,NA,0,0,0,0
Mozambique,MOZ,28/01/2024,1,NA,1,NA,0,0,0,0
Mozambique,MOZ,03/03/2024,1,NA,1,NA,0,0,0,0
Mozambique,MOZ,07/04/2024,1,NA,1,NA,0,0,0,0
Mozambique,MOZ,30/06/2024,1,NA,1,NA,0,0,0,0
Mozambique,MOZ,04/08/2024,1,NA,1,NA,0,0,0,0
South Africa,ZAF,18/09/2022,5,NA,0,NA,0,0,0,0
South Africa,ZAF,11/12/2022,5,NA,0,NA,0,0,0,0
South Africa,ZAF,15/01/2023,5,NA,0,NA,0,0,0,0
Côte d’Ivoire,CIV,21/07/2024,5,5,0,0,3,3,0,0
Democratic Republic of the Congo,COD,11/08/2024,5598,17256,27,606,256,1418,0,32
Congo,COG,11/08/2024,47,167,2,0,2,6,0,0
Côte d’Ivoire,CIV,11/08/2024,21,33,0,0,8,14,0,0
Côte d’Ivoire,CIV,07/07/2024,1,1,0,0,1,1,0,0
Côte d’Ivoire,CIV,14/07/2024,2,2,0,0,1,1,0,0
Côte d’Ivoire,CIV,04/08/2024,13,19,0,0,4,8,0,0
Ghana,GHA,11/08/2024,128,NA,4,NA,0,0,0,0
Liberia,LBR,11/08/2024,23,61,0,0,1,10,0,0
Ghana,GHA,18/08/2024,128,NA,4,NA,0,0,0,0
Kenya,KEN,11/08/2024,1,18,0,0,0,9,0,0
Mozambique,MOZ,11/08/2024,1,NA,1,NA,0,0,0,0
Kenya,KEN,18/08/2024,1,32,0,0,0,14,0,0
Mozambique,MOZ,18/08/2024,1,NA,1,NA,0,0,0,0
Nigeria,NGA,11/08/2024,900,744,9,0,1,12,0,0
Nigeria,NGA,18/08/2024,901,813,9,0,1,69,0,0
Benin,BEN,09/10/2022,3,NA,0,NA,0,0,0,0
Benin,BEN,13/11/2022,3,NA,0,NA,0,0,0,0
Benin,BEN,05/02/2023,3,NA,0,NA,0,0,0,0
Benin,BEN,12/03/2023,3,NA,0,NA,0,0,0,0
Benin,BEN,16/04/2023,3,NA,0,NA,0,0,0,0
Benin,BEN,09/07/2023,3,NA,0,NA,0,0,0,0
Benin,BEN,13/08/2023,3,NA,0,NA,0,0,0,0
Benin,BEN,05/11/2023,3,NA,0,NA,0,0,0,0
Benin,BEN,10/12/2023,3,NA,0,NA,0,0,0,0
Benin,BEN,03/03/2024,3,NA,0,NA,0,0,0,0
Benin,BEN,07/04/2024,3,NA,0,NA,0,0,0,0
Benin,BEN,12/05/2024,3,NA,0,NA,0,0,0,0
Benin,BEN,04/08/2024,3,NA,0,NA,0,0,0,0
Burundi,BDI,28/07/2024,9,20,0,0,9,20,0,0
Burundi,BDI,11/08/2024,83,333,0,0,43,140,0,0
Cameroon,CMR,03/04/2022,3,NA,1,NA,0,0,0,0
Cameroon,CMR,28/08/2022,8,NA,3,NA,0,0,0,0
Cameroon,CMR,16/10/2022,12,NA,3,NA,2,0,0,0
Central African Republic,CAF,03/12/2023,45,NA,1,NA,0,0,0,0
Central African Republic,CAF,28/01/2024,52,27,1,0,1,8,0,0
Central African Republic,CAF,07/04/2024,66,84,1,0,1,4,0,0
Central African Republic,CAF,14/04/2024,66,92,1,0,0,8,0,0
Central African Republic,CAF,09/06/2024,67,124,1,0,1,3,0,0
Congo,COG,17/07/2022,2,NA,0,NA,0,0,0,0
Congo,COG,11/09/2022,5,NA,0,NA,2,0,0,0
Congo,COG,09/10/2022,5,NA,0,NA,0,0,0,0
Congo,COG,13/11/2022,5,NA,0,NA,0,0,0,0
Congo,COG,18/12/2022,5,NA,0,NA,0,0,0,0
Congo,COG,12/03/2023,5,NA,0,NA,0,0,0,0
Congo,COG,16/04/2023,5,NA,0,NA,0,0,0,0
Congo,COG,09/07/2023,5,NA,0,NA,0,0,0,0
Congo,COG,24/09/2023,18,NA,0,NA,0,0,0,0
Congo,COG,22/10/2023,23,NA,2,NA,0,0,0,0
Congo,COG,19/11/2023,26,NA,2,NA,1,0,0,0
Congo,COG,14/01/2024,27,3,2,0,1,3,0,0
Congo,COG,11/02/2024,30,12,2,0,0,1,0,0
Congo,COG,12/05/2024,45,94,2,0,0,6,0,0
Congo,COG,16/06/2024,45,145,2,0,0,2,0,0
Democratic Republic of the Congo,COD,05/06/2022,10,NA,0,NA,0,0,0,0
Democratic Republic of the Congo,COD,10/07/2022,100,NA,0,NA,0,0,0,0
Democratic Republic of the Congo,COD,28/08/2022,174,NA,0,NA,25,0,0,0
Democratic Republic of the Congo,COD,23/10/2022,250,NA,0,NA,15,0,0,0
Democratic Republic of the Congo,COD,20/11/2022,262,NA,0,NA,4,0,0,0
Democratic Republic of the Congo,COD,19/03/2023,448,NA,0,NA,7,0,0,0
Democratic Republic of the Congo,COD,14/05/2023,632,NA,2,NA,28,0,1,0
Democratic Republic of the Congo,COD,24/09/2023,911,NA,2,NA,12,0,0,0
Democratic Republic of the Congo,COD,22/10/2023,1011,NA,2,NA,29,0,0,0
Democratic Republic of the Congo,COD,12/11/2023,1127,NA,2,NA,52,0,0,0
Democratic Republic of the Congo,COD,26/11/2023,1171,NA,2,NA,17,0,0,0
Democratic Republic of the Congo,COD,10/12/2023,1192,NA,2,NA,14,0,0,0
Democratic Republic of the Congo,COD,28/01/2024,1449,1169,3,100,91,341,0,29
Democratic Republic of the Congo,COD,17/03/2024,1835,4297,4,295,45,291,0,12
Mozambique,MOZ,31/03/2024,1,NA,1,NA,0,0,0,0
Mozambique,MOZ,23/06/2024,1,NA,1,NA,0,0,0,0
Mozambique,MOZ,28/07/2024,1,NA,1,NA,0,0,0,0
Nigeria,NGA,08/05/2022,15,NA,1,NA,0,0,0,0
Nigeria,NGA,05/06/2022,32,NA,2,NA,11,0,1,0
Nigeria,NGA,12/06/2022,36,NA,2,NA,4,0,0,0
Nigeria,NGA,24/07/2022,133,NA,3,NA,15,0,0,0
Nigeria,NGA,18/09/2022,400,NA,7,NA,51,0,0,0
Nigeria,NGA,16/10/2022,552,NA,7,NA,22,0,0,0
Nigeria,NGA,01/01/2023,763,NA,7,NA,7,0,0,0
Nigeria,NGA,15/01/2023,776,NA,8,NA,10,0,1,0
Nigeria,NGA,23/04/2023,835,NA,9,NA,1,0,0,0
Nigeria,NGA,21/05/2023,842,NA,9,NA,1,0,0,0
Nigeria,NGA,16/07/2023,844,NA,9,NA,1,0,0,0
Nigeria,NGA,13/08/2023,846,NA,9,NA,0,0,0,0
Nigeria,NGA,05/11/2023,846,NA,9,NA,0,0,0,0
Nigeria,NGA,12/11/2023,847,NA,9,NA,1,0,0,0
Nigeria,NGA,26/11/2023,855,NA,9,NA,8,0,0,0
Nigeria,NGA,18/02/2024,867,110,9,0,2,24,0,0
Nigeria,NGA,31/03/2024,879,336,9,0,6,57,0,0
Nigeria,NGA,07/04/2024,880,363,9,0,1,27,0,0
Nigeria,NGA,21/07/2024,899,714,9,0,1,16,0,0
Rwanda,RWA,28/07/2024,4,4,0,0,4,4,0,0
South Africa,ZAF,14/08/2022,3,NA,0,NA,0,0,0,0
South Africa,ZAF,04/09/2022,5,NA,0,NA,0,0,0,0
South Africa,ZAF,09/10/2022,5,NA,0,NA,0,0,0,0
South Africa,ZAF,13/11/2022,5,NA,0,NA,0,0,0,0
South Africa,ZAF,05/02/2023,5,NA,0,NA,0,0,0,0
South Africa,ZAF,12/03/2023,5,NA,0,NA,0,0,0,0
South Africa,ZAF,04/06/2023,5,NA,0,NA,0,0,0,0
South Africa,ZAF,09/07/2023,5,NA,0,NA,0,0,0,0
South Africa,ZAF,01/10/2023,5,NA,0,NA,0,0,0,0
South Africa,ZAF,05/11/2023,5,NA,0,NA,0,0,0,0
South Africa,ZAF,10/12/2023,5,NA,0,NA,0,0,0,0
Ghana,GHA,03/04/2022,2,NA,0,NA,0,0,0,0
Ghana,GHA,24/07/2022,38,NA,0,NA,2,0,0,0
Ghana,GHA,28/08/2022,86,NA,4,NA,7,0,0,0
Ghana,GHA,04/12/2022,111,NA,4,NA,0,0,0,0
Ghana,GHA,22/01/2023,124,NA,4,NA,2,0,0,0
Ghana,GHA,19/02/2023,124,NA,4,NA,0,0,0,0
Ghana,GHA,16/04/2023,126,NA,4,NA,0,0,0,0
Ghana,GHA,16/07/2023,128,NA,4,NA,0,0,0,0
Ghana,GHA,20/08/2023,128,NA,4,NA,0,0,0,0
Ghana,GHA,12/11/2023,128,NA,4,NA,0,0,0,0
Ghana,GHA,17/12/2023,128,NA,4,NA,0,0,0,0
Ghana,GHA,10/03/2024,128,NA,4,NA,0,0,0,0
Ghana,GHA,14/04/2024,128,NA,4,NA,0,0,0,0
Ghana,GHA,19/05/2024,128,NA,4,NA,0,0,0,0
Kenya,KEN,28/07/2024,1,2,0,0,1,2,0,0
Liberia,LBR,04/09/2022,3,NA,0,NA,0,0,0,0
Liberia,LBR,19/02/2023,8,NA,0,NA,1,0,0,0
Liberia,LBR,26/02/2023,8,NA,0,NA,0,0,0,0
Liberia,LBR,16/07/2023,12,NA,0,NA,0,0,0,0
Liberia,LBR,20/08/2023,12,NA,0,NA,0,0,0,0
Liberia,LBR,12/11/2023,12,NA,0,NA,0,0,0,0
Liberia,LBR,07/01/2024,17,0,0,0,0,0,0,0
Liberia,LBR,31/03/2024,22,36,0,0,1,10,0,0
Liberia,LBR,07/04/2024,22,36,0,0,0,0,0,0
Liberia,LBR,30/06/2024,22,42,0,0,0,4,0,0
Liberia,LBR,04/08/2024,22,51,0,0,0,0,0,0
Mozambique,MOZ,06/11/2022,1,NA,1,NA,0,0,0,0
Mozambique,MOZ,29/01/2023,1,NA,1,NA,0,0,0,0
Mozambique,MOZ,05/03/2023,1,NA,1,NA,0,0,0,0
Mozambique,MOZ,28/05/2023,1,NA,1,NA,0,0,0,0
Mozambique,MOZ,02/07/2023,1,NA,1,NA,0,0,0,0
Mozambique,MOZ,06/08/2023,1,NA,1,NA,0,0,0,0
Mozambique,MOZ,29/10/2023,1,NA,1,NA,0,0,0,0
Mozambique,MOZ,03/12/2023,1,NA,1,NA,0,0,0,0
Mozambique,MOZ,25/02/2024,1,NA,1,NA,0,0,0,0
Central African Republic,CAF,11/08/2024,92,260,2,1,2,27,0,0
Congo,COG,19/06/2022,2,NA,0,NA,0,0,0,0
Congo,COG,24/07/2022,2,NA,0,NA,0,0,0,0
Congo,COG,21/08/2022,3,NA,0,NA,0,0,0,0
Congo,COG,16/10/2022,5,NA,0,NA,0,0,0,0
Congo,COG,20/11/2022,5,NA,0,NA,0,0,0,0
Congo,COG,12/02/2023,5,NA,0,NA,0,0,0,0
Congo,COG,19/03/2023,5,NA,0,NA,0,0,0,0
Congo,COG,11/06/2023,5,NA,0,NA,0,0,0,0
Congo,COG,16/07/2023,5,NA,0,NA,0,0,0,0
Congo,COG,03/09/2023,13,NA,0,NA,1,0,0,0
Congo,COG,01/10/2023,18,NA,0,NA,0,0,0,0
Congo,COG,15/10/2023,23,NA,2,NA,4,0,1,0
Congo,COG,17/12/2023,26,NA,2,NA,0,0,0,0
Congo,COG,18/02/2024,35,36,2,0,5,24,0,0
Congo,COG,03/03/2024,37,45,2,0,0,2,0,0
Congo,COG,26/05/2024,45,138,2,0,0,3,0,0
Congo,COG,30/06/2024,45,148,2,0,0,0,0,0
Congo,COG,04/08/2024,45,161,2,0,0,1,0,0
Democratic Republic of the Congo,COD,18/12/2022,277,NA,0,NA,2,0,0,0
Democratic Republic of the Congo,COD,26/03/2023,451,NA,0,NA,3,0,0,0
Democratic Republic of the Congo,COD,18/06/2023,700,NA,2,NA,25,0,0,0
Democratic Republic of the Congo,COD,16/07/2023,817,NA,2,NA,31,0,0,0
Democratic Republic of the Congo,COD,30/07/2023,834,NA,2,NA,6,0,0,0
Democratic Republic of the Congo,COD,03/09/2023,886,NA,2,NA,6,0,0,0
Democratic Republic of the Congo,COD,08/10/2023,952,NA,2,NA,27,0,0,0
Democratic Republic of the Congo,COD,19/11/2023,1154,NA,2,NA,27,0,0,0
Democratic Republic of the Congo,COD,17/12/2023,1200,NA,2,NA,8,0,0,0
Democratic Republic of the Congo,COD,07/01/2024,1268,255,2,23,23,255,0,23
Democratic Republic of the Congo,COD,05/05/2024,2426,6358,9,349,185,440,1,12
Democratic Republic of the Congo,COD,26/05/2024,2953,7864,13,383,213,468,1,12
Democratic Republic of the Congo,COD,09/06/2024,3430,8851,16,406,249,560,1,11
Ghana,GHA,27/02/2022,1,NA,0,NA,1,0,0,0
South Africa,ZAF,24/03/2024,5,NA,0,NA,0,0,0,0
South Africa,ZAF,28/04/2024,5,NA,0,NA,0,0,0,0
South Africa,ZAF,28/07/2024,27,22,3,3,0,0,0,0
Uganda,UGA,28/07/2024,2,44,0,0,0,9,0,0
Cameroon,CMR,20/03/2022,3,NA,1,NA,1,0,0,0
Cameroon,CMR,10/07/2022,8,NA,1,NA,0,0,0,0
Cameroon,CMR,07/08/2022,8,NA,3,NA,0,0,2,0
Cameroon,CMR,11/09/2022,9,NA,3,NA,1,0,0,0
Cameroon,CMR,25/12/2022,18,NA,3,NA,0,0,0,0
Cameroon,CMR,29/01/2023,18,NA,3,NA,0,0,0,0
Cameroon,CMR,05/03/2023,18,NA,3,NA,0,0,0,0
Cameroon,CMR,02/07/2023,41,NA,3,NA,0,0,0,0
Cameroon,CMR,26/11/2023,45,NA,3,NA,0,0,0,0
Cameroon,CMR,31/12/2023,45,NA,3,NA,0,0,0,0
Cameroon,CMR,24/03/2024,47,19,4,1,0,1,0,0
Cameroon,CMR,21/04/2024,50,26,5,2,0,1,0,0
Cameroon,CMR,26/05/2024,50,29,5,2,0,2,0,0
Central African Republic,CAF,03/04/2022,18,NA,0,NA,0,0,0,0
Central African Republic,CAF,01/05/2022,19,NA,0,NA,0,0,0,0
Central African Republic,CAF,05/06/2022,19,NA,0,NA,0,0,0,0
Central African Republic,CAF,21/08/2022,23,NA,0,NA,0,0,0,0
Central African Republic,CAF,25/09/2022,25,NA,0,NA,1,0,0,0
Central African Republic,CAF,16/10/2022,28,NA,0,NA,3,0,0,0
Central African Republic,CAF,20/11/2022,28,NA,0,NA,0,0,0,0
Central African Republic,CAF,05/03/2023,41,NA,1,NA,0,0,0,0
Central African Republic,CAF,02/04/2023,45,NA,1,NA,0,0,0,0
Central African Republic,CAF,25/06/2023,45,NA,1,NA,0,0,0,0
Central African Republic,CAF,30/07/2023,45,NA,1,NA,0,0,0,0
Central African Republic,CAF,03/09/2023,45,NA,1,NA,0,0,0,0
Central African Republic,CAF,26/11/2023,45,NA,1,NA,0,0,0,0
Central African Republic,CAF,11/02/2024,54,43,1,0,1,7,0,0
Central African Republic,CAF,17/03/2024,61,74,1,0,0,6,0,0
Central African Republic,CAF,31/03/2024,65,80,1,0,2,1,0,0
Mozambique,MOZ,19/02/2023,1,NA,1,NA,0,0,0,0
Mozambique,MOZ,26/03/2023,1,NA,1,NA,0,0,0,0
Mozambique,MOZ,30/04/2023,1,NA,1,NA,0,0,0,0
Mozambique,MOZ,23/07/2023,1,NA,1,NA,0,0,0,0
Mozambique,MOZ,27/08/2023,1,NA,1,NA,0,0,0,0
Mozambique,MOZ,19/11/2023,1,NA,1,NA,0,0,0,0
Mozambique,MOZ,24/12/2023,1,NA,1,NA,0,0,0,0
Mozambique,MOZ,17/03/2024,1,NA,1,NA,0,0,0,0
Mozambique,MOZ,21/04/2024,1,NA,1,NA,0,0,0,0
Mozambique,MOZ,26/05/2024,1,NA,1,NA,0,0,0,0
Nigeria,NGA,13/03/2022,9,NA,0,NA,3,0,0,0
Nigeria,NGA,29/05/2022,21,NA,1,NA,0,0,0,0
Nigeria,NGA,26/06/2022,63,NA,2,NA,22,0,0,0
Nigeria,NGA,03/07/2022,84,NA,3,NA,21,0,1,0
Nigeria,NGA,09/10/2022,530,NA,7,NA,49,0,0,0
Nigeria,NGA,27/11/2022,680,NA,7,NA,21,0,0,0
Nigeria,NGA,22/01/2023,787,NA,8,NA,11,0,0,0
Nigeria,NGA,16/04/2023,834,NA,9,NA,1,0,0,0
Nigeria,NGA,03/09/2023,846,NA,9,NA,0,0,0,0
Nigeria,NGA,08/10/2023,846,NA,9,NA,0,0,0,0
Nigeria,NGA,14/01/2024,861,10,9,0,0,5,0,0
Nigeria,NGA,16/06/2024,891,604,9,0,2,20,0,0
Nigeria,NGA,07/07/2024,898,664,9,0,3,34,0,0
South Africa,ZAF,03/07/2022,1,NA,0,NA,1,0,0,0
South Africa,ZAF,10/07/2022,1,NA,0,NA,0,0,0,0
South Africa,ZAF,30/10/2022,5,NA,0,NA,0,0,0,0
South Africa,ZAF,04/12/2022,5,NA,0,NA,0,0,0,0
South Africa,ZAF,26/02/2023,5,NA,0,NA,0,0,0,0
South Africa,ZAF,02/04/2023,5,NA,0,NA,0,0,0,0
South Africa,ZAF,25/06/2023,5,NA,0,NA,0,0,0,0
South Africa,ZAF,30/07/2023,5,NA,0,NA,0,0,0,0
South Africa,ZAF,03/09/2023,5,NA,0,NA,0,0,0,0
South Africa,ZAF,26/11/2023,5,NA,0,NA,0,0,0,0
South Africa,ZAF,31/12/2023,5,NA,0,NA,0,0,0,0
South Africa,ZAF,19/11/2023,5,NA,0,NA,0,0,0,0
South Africa,ZAF,24/12/2023,5,NA,0,NA,0,0,0,0
South Africa,ZAF,28/01/2024,5,NA,0,NA,0,0,0,0
South Africa,ZAF,21/04/2024,5,NA,0,NA,0,0,0,0
South Africa,ZAF,19/05/2024,6,1,0,0,0,0,0,0
South Africa,ZAF,23/06/2024,21,16,3,3,4,4,1,1
Ghana,GHA,20/03/2022,2,NA,0,NA,0,0,0,0
Ghana,GHA,24/04/2022,2,NA,0,NA,0,0,0,0
Ghana,GHA,11/09/2022,93,NA,4,NA,4,0,0,0
Ghana,GHA,06/11/2022,108,NA,4,NA,0,0,0,0
Ghana,GHA,15/01/2023,122,NA,4,NA,0,0,0,0
Ghana,GHA,12/03/2023,124,NA,4,NA,0,0,0,0
Ghana,GHA,19/03/2023,125,NA,4,NA,1,0,0,0
Ghana,GHA,06/08/2023,128,NA,4,NA,0,0,0,0
Ghana,GHA,10/09/2023,128,NA,4,NA,0,0,0,0
Ghana,GHA,03/12/2023,128,NA,4,NA,0,0,0,0
Ghana,GHA,07/01/2024,128,NA,4,NA,0,0,0,0
Ghana,GHA,11/02/2024,128,NA,4,NA,0,0,0,0
Ghana,GHA,05/05/2024,128,NA,4,NA,0,0,0,0
Ghana,GHA,09/06/2024,128,NA,4,NA,0,0,0,0
Liberia,LBR,02/10/2022,3,NA,0,NA,0,0,0,0
Liberia,LBR,06/11/2022,3,NA,0,NA,0,0,0,0
Liberia,LBR,04/12/2022,4,NA,0,NA,0,0,0,0
Liberia,LBR,02/04/2023,10,NA,0,NA,0,0,0,0
Liberia,LBR,21/05/2023,12,NA,0,NA,0,0,0,0
Liberia,LBR,25/06/2023,12,NA,0,NA,0,0,0,0
Liberia,LBR,30/07/2023,12,NA,0,NA,0,0,0,0
Liberia,LBR,22/10/2023,12,NA,0,NA,0,0,0,0
Liberia,LBR,19/11/2023,14,NA,0,NA,2,0,0,0
Liberia,LBR,17/12/2023,17,NA,0,NA,0,0,0,0
Liberia,LBR,11/02/2024,19,9,0,0,0,0,0,0
Liberia,LBR,18/02/2024,20,17,0,0,1,8,0,0
Liberia,LBR,09/06/2024,22,36,0,0,0,0,0,0
Liberia,LBR,14/07/2024,22,47,0,0,0,5,0,0
Mozambique,MOZ,27/11/2022,1,NA,1,NA,0,0,0,0
Mozambique,MOZ,07/01/2024,1,NA,1,NA,0,0,0,0
Mozambique,MOZ,11/02/2024,1,NA,1,NA,0,0,0,0
Mozambique,MOZ,05/05/2024,1,NA,1,NA,0,0,0,0
Mozambique,MOZ,09/06/2024,1,NA,1,NA,0,0,0,0
Mozambique,MOZ,14/07/2024,1,NA,1,NA,0,0,0,0
Nigeria,NGA,09/01/2022,1,NA,0,NA,1,0,0,0
Nigeria,NGA,06/02/2022,3,NA,0,NA,0,0,0,0
Nigeria,NGA,15/05/2022,19,NA,1,NA,4,0,0,0
Nigeria,NGA,17/07/2022,118,NA,3,NA,17,0,0,0
Nigeria,NGA,11/09/2022,349,NA,7,NA,31,0,0,0
Nigeria,NGA,23/10/2022,583,NA,7,NA,31,0,0,0
Nigeria,NGA,11/12/2022,744,NA,7,NA,24,0,0,0
Nigeria,NGA,08/01/2023,766,NA,7,NA,3,0,0,0
Nigeria,NGA,05/02/2023,797,NA,8,NA,7,0,0,0
Nigeria,NGA,26/02/2023,811,NA,9,NA,5,0,1,0
Nigeria,NGA,02/04/2023,833,NA,9,NA,4,0,0,0
Nigeria,NGA,09/04/2023,833,NA,9,NA,0,0,0,0
Democratic Republic of the Congo,COD,24/03/2024,1899,4577,4,307,64,280,0,12
Democratic Republic of the Congo,COD,21/04/2024,2164,5657,6,332,67,257,1,7
Ghana,GHA,08/05/2022,2,NA,0,NA,0,0,0,0
Ghana,GHA,04/09/2022,89,NA,4,NA,3,0,0,0
Ghana,GHA,25/09/2022,101,NA,4,NA,5,0,0,0
Ghana,GHA,20/11/2022,108,NA,4,NA,0,0,0,0
Ghana,GHA,05/02/2023,124,NA,4,NA,0,0,0,0
Ghana,GHA,28/05/2023,128,NA,4,NA,0,0,0,0
Ghana,GHA,02/07/2023,128,NA,4,NA,0,0,0,0
Ghana,GHA,24/09/2023,128,NA,4,NA,0,0,0,0
Ghana,GHA,29/10/2023,128,NA,4,NA,0,0,0,0
Ghana,GHA,21/01/2024,128,NA,4,NA,0,0,0,0
Ghana,GHA,25/02/2024,128,NA,4,NA,0,0,0,0
Ghana,GHA,31/03/2024,128,NA,4,NA,0,0,0,0
Ghana,GHA,23/06/2024,128,NA,4,NA,0,0,0,0
Ghana,GHA,28/07/2024,128,NA,4,NA,0,0,0,0
Kenya,KEN,04/08/2024,1,9,0,0,0,7,0,0
Ghana,GHA,04/02/2024,128,NA,4,NA,0,0,0,0
Ghana,GHA,28/04/2024,128,NA,4,NA,0,0,0,0
Ghana,GHA,02/06/2024,128,NA,4,NA,0,0,0,0
Ghana,GHA,07/07/2024,128,NA,4,NA,0,0,0,0
Ghana,GHA,14/07/2024,128,NA,4,NA,0,0,0,0
Liberia,LBR,31/07/2022,1,NA,0,NA,1,0,0,0
Liberia,LBR,28/08/2022,3,NA,0,NA,0,0,0,0
Liberia,LBR,20/11/2022,3,NA,0,NA,0,0,0,0
Liberia,LBR,27/11/2022,4,NA,0,NA,1,0,0,0
Liberia,LBR,25/12/2022,6,NA,0,NA,0,0,0,0
Liberia,LBR,16/04/2023,10,NA,0,NA,0,0,0,0
Liberia,LBR,14/05/2023,12,NA,0,NA,0,0,0,0
Liberia,LBR,09/07/2023,12,NA,0,NA,0,0,0,0
Liberia,LBR,13/08/2023,12,NA,0,NA,0,0,0,0
Liberia,LBR,17/09/2023,12,NA,0,NA,0,0,0,0
Liberia,LBR,03/12/2023,17,NA,0,NA,2,0,0,0
Liberia,LBR,04/02/2024,19,9,0,0,1,5,0,0
South Africa,ZAF,19/02/2023,5,NA,0,NA,0,0,0,0
South Africa,ZAF,14/05/2023,5,NA,0,NA,0,0,0,0
South Africa,ZAF,18/06/2023,5,NA,0,NA,0,0,0,0
South Africa,ZAF,10/09/2023,5,NA,0,NA,0,0,0,0
South Africa,ZAF,15/10/2023,5,NA,0,NA,0,0,0,0
South Africa,ZAF,07/01/2024,5,NA,0,NA,0,0,0,0
South Africa,ZAF,11/02/2024,5,NA,0,NA,0,0,0,0
South Africa,ZAF,17/03/2024,5,NA,0,NA,0,0,0,0
South Africa,ZAF,12/05/2024,6,1,0,0,1,1,0,0
South Africa,ZAF,21/07/2024,27,22,3,3,0,0,0,0
Nigeria,NGA,20/03/2022,10,NA,0,NA,1,0,0,0
Nigeria,NGA,27/03/2022,10,NA,0,NA,0,0,0,0
Nigeria,NGA,25/09/2022,456,NA,7,NA,56,0,0,0
Nigeria,NGA,30/10/2022,604,NA,7,NA,21,0,0,0
Nigeria,NGA,06/11/2022,624,NA,7,NA,20,0,0,0
Nigeria,NGA,18/12/2022,753,NA,7,NA,9,0,0,0
Nigeria,NGA,19/02/2023,806,NA,8,NA,5,0,0,0
Nigeria,NGA,26/03/2023,829,NA,9,NA,7,0,0,0
Nigeria,NGA,14/05/2023,841,NA,9,NA,4,0,0,0
Nigeria,NGA,20/08/2023,846,NA,9,NA,0,0,0,0
Nigeria,NGA,24/12/2023,861,NA,9,NA,1,0,0,0
Nigeria,NGA,31/12/2023,861,NA,9,NA,0,0,0,0
Nigeria,NGA,28/01/2024,863,55,9,0,2,31,0,0
Nigeria,NGA,10/03/2024,871,233,9,0,4,42,0,0
South Africa,ZAF,17/07/2022,2,NA,0,NA,1,0,0,0
South Africa,ZAF,11/09/2022,5,NA,0,NA,0,0,0,0
South Africa,ZAF,16/10/2022,5,NA,0,NA,0,0,0,0
South Africa,ZAF,08/01/2023,5,NA,0,NA,0,0,0,0
South Africa,ZAF,12/02/2023,5,NA,0,NA,0,0,0,0
South Africa,ZAF,07/05/2023,5,NA,0,NA,0,0,0,0
South Africa,ZAF,11/06/2023,5,NA,0,NA,0,0,0,0
South Africa,ZAF,16/07/2023,5,NA,0,NA,0,0,0,0
South Africa,ZAF,08/10/2023,5,NA,0,NA,0,0,0,0
South Africa,ZAF,12/11/2023,5,NA,0,NA,0,0,0,0
South Africa,ZAF,04/02/2024,5,NA,0,NA,0,0,0,0
South Africa,ZAF,10/03/2024,5,NA,0,NA,0,0,0,0
South Africa,ZAF,16/06/2024,17,12,2,2,7,7,0,0
Liberia,LBR,14/08/2022,3,NA,0,NA,1,0,0,0
Liberia,LBR,09/10/2022,3,NA,0,NA,0,0,0,0
Liberia,LBR,13/11/2022,3,NA,0,NA,0,0,0,0
Liberia,LBR,01/01/2023,6,NA,0,NA,0,0,0,0
Liberia,LBR,05/03/2023,9,NA,0,NA,1,0,0,0
Liberia,LBR,30/04/2023,12,NA,0,NA,0,0,0,0
Liberia,LBR,28/05/2023,12,NA,0,NA,0,0,0,0
Uganda,UGA,04/08/2024,2,52,0,0,0,8,0,0
Rwanda,RWA,04/08/2024,4,4,0,0,0,0,0,0
Liberia,LBR,02/07/2023,12,NA,0,NA,0,0,0,0
Liberia,LBR,24/09/2023,12,NA,0,NA,0,0,0,0
Liberia,LBR,29/10/2023,12,NA,0,NA,0,0,0,0
Liberia,LBR,26/11/2023,15,NA,0,NA,1,0,0,0
Liberia,LBR,24/12/2023,17,NA,0,NA,0,0,0,0
Nigeria,NGA,07/08/2022,172,NA,4,NA,15,0,1,0
Nigeria,NGA,14/08/2022,220,NA,4,NA,48,0,0,0
Nigeria,NGA,28/08/2022,277,NA,6,NA,36,0,0,0
Nigeria,NGA,04/09/2022,318,NA,7,NA,41,0,1,0
Nigeria,NGA,04/12/2022,720,NA,7,NA,40,0,0,0
Nigeria,NGA,25/12/2022,756,NA,7,NA,3,0,0,0
Nigeria,NGA,29/01/2023,790,NA,8,NA,3,0,0,0
Nigeria,NGA,12/02/2023,801,NA,8,NA,4,0,0,0
Nigeria,NGA,05/03/2023,813,NA,9,NA,2,0,0,0
Nigeria,NGA,19/03/2023,822,NA,9,NA,2,0,0,0
Nigeria,NGA,07/05/2023,837,NA,9,NA,2,0,0,0
Nigeria,NGA,09/07/2023,843,NA,9,NA,0,0,0,0
Nigeria,NGA,30/07/2023,846,NA,9,NA,2,0,0,0
Nigeria,NGA,27/08/2023,846,NA,9,NA,0,0,0,0
Nigeria,NGA,01/10/2023,846,NA,9,NA,0,0,0,0
Nigeria,NGA,11/02/2024,865,86,9,0,2,22,0,0
Nigeria,NGA,21/04/2024,881,409,9,0,0,20,0,0
Nigeria,NGA,19/05/2024,885,500,9,0,0,39,0,0
Nigeria,NGA,09/06/2024,889,584,9,0,1,31,0,0
Nigeria,NGA,30/06/2024,895,630,9,0,3,20,0,0
Nigeria,NGA,04/08/2024,899,732,9,0,0,5,0,0
South Africa,ZAF,21/08/2022,4,NA,0,NA,1,0,0,0
South Africa,ZAF,25/09/2022,5,NA,0,NA,0,0,0,0
South Africa,ZAF,18/12/2022,5,NA,0,NA,0,0,0,0
South Africa,ZAF,22/01/2023,5,NA,0,NA,0,0,0,0
South Africa,ZAF,16/04/2023,5,NA,0,NA,0,0,0,0
South Africa,ZAF,21/05/2023,5,NA,0,NA,0,0,0,0
South Africa,ZAF,13/08/2023,5,NA,0,NA,0,0,0,0
South Africa,ZAF,17/09/2023,5,NA,0,NA,0,0,0,0
South Africa,ZAF,22/10/2023,5,NA,0,NA,0,0,0,0
South Africa,ZAF,14/01/2024,5,NA,0,NA,0,0,0,0
South Africa,ZAF,18/02/2024,5,NA,0,NA,0,0,0,0
South Africa,ZAF,09/06/2024,10,5,2,2,2,2,1,1
South Africa,ZAF,14/07/2024,27,22,3,3,2,2,0,0
South Africa,ZAF,07/08/2022,3,NA,0,NA,0,0,0,0
South Africa,ZAF,02/10/2022,5,NA,0,NA,0,0,0,0
South Africa,ZAF,06/11/2022,5,NA,0,NA,0,0,0,0
South Africa,ZAF,29/01/2023,5,NA,0,NA,0,0,0,0
South Africa,ZAF,05/03/2023,5,NA,0,NA,0,0,0,0
South Africa,ZAF,09/04/2023,5,NA,0,NA,0,0,0,0
South Africa,ZAF,02/07/2023,5,NA,0,NA,0,0,0,0
South Africa,ZAF,06/08/2023,5,NA,0,NA,0,0,0,0
South Africa,ZAF,29/10/2023,5,NA,0,NA,0,0,0,0
South Africa,ZAF,03/12/2023,5,NA,0,NA,0,0,0,0
South Africa,ZAF,25/02/2024,5,NA,0,NA,0,0,0,0
South Africa,ZAF,31/03/2024,5,NA,0,NA,0,0,0,0
South Africa,ZAF,05/05/2024,5,NA,0,NA,0,0,0,0
South Africa,ZAF,26/05/2024,7,2,1,1,1,1,1,1
South Africa,ZAF,07/07/2024,25,20,3,3,4,4,0,0
Uganda,UGA,07/07/2024,1,18,0,0,1,18,0,0
Benin,BEN,17/07/2022,3,NA,0,NA,0,0,0,0
Cameroon,CMR,18/12/2022,18,NA,3,NA,0,0,0,0
Cameroon,CMR,12/03/2023,18,NA,3,NA,0,0,0,0
Cameroon,CMR,16/04/2023,18,NA,3,NA,0,0,0,0
Cameroon,CMR,04/06/2023,32,NA,3,NA,1,0,0,0
Cameroon,CMR,16/07/2023,42,NA,3,NA,1,0,0,0
Cameroon,CMR,23/07/2023,42,NA,3,NA,0,0,0,0
Cameroon,CMR,20/08/2023,43,NA,3,NA,0,0,0,0
Cameroon,CMR,17/09/2023,44,NA,3,NA,0,0,0,0
Cameroon,CMR,15/10/2023,45,NA,3,NA,0,0,0,0
Cameroon,CMR,19/11/2023,45,NA,3,NA,0,0,0,0
Cameroon,CMR,11/02/2024,47,10,4,1,0,1,0,0
Cameroon,CMR,17/03/2024,47,18,4,1,0,2,0,0
Cameroon,CMR,07/04/2024,48,23,4,1,1,2,0,0
Cameroon,CMR,02/06/2024,50,29,5,2,0,0,0,0
Cameroon,CMR,07/07/2024,50,31,5,2,0,1,0,0
Central African Republic,CAF,17/04/2022,19,NA,0,NA,1,0,0,0
Central African Republic,CAF,12/06/2022,19,NA,0,NA,0,0,0,0
Central African Republic,CAF,09/10/2022,25,NA,0,NA,0,0,0,0
Central African Republic,CAF,19/03/2023,43,NA,1,NA,0,0,0,0
Central African Republic,CAF,14/05/2023,45,NA,1,NA,0,0,0,0
Central African Republic,CAF,18/06/2023,45,NA,1,NA,0,0,0,0
Central African Republic,CAF,10/09/2023,45,NA,1,NA,0,0,0,0
Central African Republic,CAF,15/10/2023,45,NA,1,NA,0,0,0,0
Central African Republic,CAF,14/01/2024,47,16,1,0,0,12,0,0
Central African Republic,CAF,19/05/2024,66,110,1,0,0,3,0,0
Central African Republic,CAF,16/06/2024,68,127,1,0,1,3,0,0
Congo,COG,08/05/2022,2,NA,0,NA,0,0,0,0
Congo,COG,12/06/2022,2,NA,0,NA,0,0,0,0
Congo,COG,27/11/2022,5,NA,0,NA,0,0,0,0
Congo,COG,01/01/2023,5,NA,0,NA,0,0,0,0
Congo,COG,05/02/2023,5,NA,0,NA,0,0,0,0
Congo,COG,30/04/2023,5,NA,0,NA,0,0,0,0
Congo,COG,04/06/2023,5,NA,0,NA,0,0,0,0
Congo,COG,17/09/2023,18,NA,0,NA,1,0,0,0
Congo,COG,12/11/2023,25,NA,2,NA,0,0,0,0
Congo,COG,10/12/2023,26,NA,2,NA,0,0,0,0
Congo,COG,28/01/2024,30,9,2,0,2,4,0,0
Congo,COG,14/04/2024,45,77,2,0,0,0,0,0
Congo,COG,19/05/2024,45,135,2,0,0,41,0,0
Democratic Republic of the Congo,COD,22/05/2022,10,NA,0,NA,10,0,0,0
Democratic Republic of the Congo,COD,03/07/2022,100,NA,0,NA,0,0,0,0
Democratic Republic of the Congo,COD,07/08/2022,100,NA,0,NA,0,0,0,0
Democratic Republic of the Congo,COD,18/09/2022,190,NA,0,NA,16,0,0,0
Democratic Republic of the Congo,COD,16/10/2022,235,NA,0,NA,7,0,0,0
Democratic Republic of the Congo,COD,06/11/2022,252,NA,0,NA,1,0,0,0
Democratic Republic of the Congo,COD,05/02/2023,387,NA,0,NA,10,0,0,0
Democratic Republic of the Congo,COD,12/02/2023,387,NA,0,NA,0,0,0,0
Democratic Republic of the Congo,COD,05/03/2023,441,NA,0,NA,21,0,0,0
Democratic Republic of the Congo,COD,09/04/2023,517,NA,0,NA,64,0,0,0
Democratic Republic of the Congo,COD,30/04/2023,558,NA,0,NA,2,0,0,0
Democratic Republic of the Congo,COD,21/05/2023,641,NA,2,NA,9,0,0,0
Democratic Republic of the Congo,COD,09/07/2023,786,NA,2,NA,27,0,0,0
Democratic Republic of the Congo,COD,13/08/2023,860,NA,2,NA,11,0,0,0
Democratic Republic of the Congo,COD,07/07/2024,4368,11727,22,462,255,872,0,27
Democratic Republic of the Congo,COD,21/07/2024,4865,13697,24,512,222,989,2,26
Ghana,GHA,10/04/2022,2,NA,0,NA,0,0,0,0
Ghana,GHA,15/05/2022,2,NA,0,NA,0,0,0,0
Ghana,GHA,19/06/2022,22,NA,0,NA,3,0,0,0
Central African Republic,CAF,11/12/2022,29,NA,0,NA,1,0,0,0
Central African Republic,CAF,01/01/2023,31,NA,0,NA,1,0,0,0
Central African Republic,CAF,29/01/2023,37,NA,0,NA,2,0,0,0
Central African Republic,CAF,19/02/2023,41,NA,1,NA,2,0,0,0
Central African Republic,CAF,16/04/2023,45,NA,1,NA,0,0,0,0
Central African Republic,CAF,21/05/2023,45,NA,1,NA,0,0,0,0
Central African Republic,CAF,13/08/2023,45,NA,1,NA,0,0,0,0
Central African Republic,CAF,17/09/2023,45,NA,1,NA,0,0,0,0
Central African Republic,CAF,22/10/2023,45,NA,1,NA,0,0,0,0
Central African Republic,CAF,24/03/2024,63,79,1,0,2,5,0,0
Central African Republic,CAF,21/04/2024,66,100,1,0,0,8,0,0
Central African Republic,CAF,26/05/2024,66,118,1,0,0,8,0,0
Central African Republic,CAF,14/07/2024,73,140,1,0,1,3,0,0
Congo,COG,01/05/2022,2,NA,0,NA,0,0,0,0
Congo,COG,05/06/2022,2,NA,0,NA,0,0,0,0
Congo,COG,02/10/2022,5,NA,0,NA,0,0,0,0
Congo,COG,25/12/2022,5,NA,0,NA,0,0,0,0
Congo,COG,29/01/2023,5,NA,0,NA,0,0,0,0
Congo,COG,23/04/2023,5,NA,0,NA,0,0,0,0
Congo,COG,28/05/2023,5,NA,0,NA,0,0,0,0
Congo,COG,02/07/2023,5,NA,0,NA,0,0,0,0
Congo,COG,05/11/2023,25,NA,2,NA,0,0,0,0
Congo,COG,03/12/2023,26,NA,2,NA,0,0,0,0
Congo,COG,07/01/2024,26,0,2,0,0,0,0,0
Congo,COG,07/04/2024,45,77,2,0,0,2,0,0
Central African Republic,CAF,15/09/2024,99,308,2,1,5,22,0,0
Cameroon,CMR,15/09/2024,51,60,5,2,0,6,0,0
Benin,BEN,15/09/2024,3,NA,0,NA,0,0,0,0
Gabon,GAB,15/09/2024,2,15,0,0,0,0,0,0
Liberia,LBR,15/09/2024,29,147,0,0,3,34,0,0
Ghana,GHA,15/09/2024,128,NA,4,NA,0,0,0,0
Guinea,GIN,15/09/2024,1,8,0,0,0,0,0,0
Rwanda,RWA,15/09/2024,6,6,0,0,2,2,0,0
Morocco,MAR,15/09/2024,6,0,0,0,1,0,0,0
South Africa,ZAF,15/09/2024,30,25,3,3,0,0,0,0
Uganda,UGA,15/09/2024,29,120,0,0,6,8,0,0
Burundi,BDI,15/09/2024,564,1557,0,0,179,197,0,0
Kenya,KEN,15/09/2024,5,115,0,0,0,0,0,0
Nigeria,NGA,15/09/2024,934,1108,9,0,6,71,0,0
Côte d’Ivoire,CIV,15/09/2024,52,285,1,0,4,63,0,0
Mozambique,MOZ,15/09/2024,1,NA,1,NA,0,0,0,0
Democratic Republic of the Congo,COD,15/09/2024,6674,26780,27,882,197,1978,0,65
Ghana,GHA,12/02/2023,124,NA,4,NA,0,0,0,0
Ghana,GHA,14/05/2023,128,NA,4,NA,1,0,0,0
Ghana,GHA,09/07/2023,128,NA,4,NA,0,0,0,0
Ghana,GHA,13/08/2023,128,NA,4,NA,0,0,0,0
Ghana,GHA,17/09/2023,128,NA,4,NA,0,0,0,0
Ghana,GHA,10/12/2023,128,NA,4,NA,0,0,0,0
Ghana,GHA,14/01/2024,128,NA,4,NA,0,0,0,0
Ghana,GHA,07/04/2024,128,NA,4,NA,0,0,0,0
Ghana,GHA,12/05/2024,128,NA,4,NA,0,0,0,0
Ghana,GHA,06/03/2022,2,NA,0,NA,1,0,0,0
Ghana,GHA,13/03/2022,2,NA,0,NA,0,0,0,0
Ghana,GHA,12/06/2022,19,NA,0,NA,11,0,0,0
Ghana,GHA,03/07/2022,29,NA,0,NA,6,0,0,0
Ghana,GHA,14/08/2022,68,NA,1,NA,12,0,0,0
Ghana,GHA,16/10/2022,106,NA,4,NA,1,0,0,0
Ghana,GHA,23/10/2022,106,NA,4,NA,0,0,0,0
Ghana,GHA,13/11/2022,108,NA,4,NA,0,0,0,0
Ghana,GHA,25/12/2022,122,NA,4,NA,5,0,0,0
Ghana,GHA,29/01/2023,124,NA,4,NA,0,0,0,0
Ghana,GHA,05/03/2023,124,NA,4,NA,0,0,0,0
Ghana,GHA,02/04/2023,125,NA,4,NA,0,0,0,0
Ghana,GHA,30/04/2023,126,NA,4,NA,0,0,0,0
Ghana,GHA,21/05/2023,128,NA,4,NA,0,0,0,0
Ghana,GHA,25/06/2023,128,NA,4,NA,0,0,0,0
Ghana,GHA,30/07/2023,128,NA,4,NA,0,0,0,0
Ghana,GHA,22/10/2023,128,NA,4,NA,0,0,0,0
Central African Republic,CAF,23/01/2022,4,NA,0,NA,0,0,0,0
Central African Republic,CAF,30/01/2022,5,NA,0,NA,1,0,0,0
Central African Republic,CAF,10/07/2022,19,NA,0,NA,0,0,0,0
Central African Republic,CAF,02/10/2022,25,NA,0,NA,0,0,0,0
Central African Republic,CAF,06/11/2022,28,NA,0,NA,0,0,0,0
Central African Republic,CAF,22/01/2023,35,NA,0,NA,0,0,0,0
Central African Republic,CAF,12/02/2023,39,NA,1,NA,2,0,1,0
Central African Republic,CAF,07/05/2023,45,NA,1,NA,0,0,0,0
Central African Republic,CAF,11/06/2023,45,NA,1,NA,0,0,0,0
Central African Republic,CAF,16/07/2023,45,NA,1,NA,0,0,0,0
Central African Republic,CAF,08/10/2023,45,NA,1,NA,0,0,0,0
Central African Republic,CAF,12/11/2023,45,NA,1,NA,0,0,0,0
Central African Republic,CAF,31/12/2023,47,NA,1,NA,1,0,0,0
Central African Republic,CAF,07/01/2024,47,4,1,0,0,4,0,0
Central African Republic,CAF,04/02/2024,53,36,1,0,1,9,0,0
Central African Republic,CAF,18/02/2024,57,58,1,0,3,15,0,0
Central African Republic,CAF,12/05/2024,66,107,1,0,0,3,0,0
Central African Republic,CAF,07/07/2024,72,137,1,0,1,1,0,0
Ghana,GHA,04/08/2024,128,NA,4,NA,0,0,0,0
Ghana,GHA,26/11/2023,128,NA,4,NA,0,0,0,0
Ghana,GHA,18/02/2024,128,NA,4,NA,0,0,0,0
Ghana,GHA,24/03/2024,128,NA,4,NA,0,0,0,0
Ghana,GHA,16/06/2024,128,NA,4,NA,0,0,0,0
Ghana,GHA,21/07/2024,128,NA,4,NA,0,0,0,0
Liberia,LBR,21/08/2022,3,NA,0,NA,0,0,0,0
Liberia,LBR,25/09/2022,3,NA,0,NA,0,0,0,0
Liberia,LBR,18/12/2022,6,NA,0,NA,0,0,0,0
Liberia,LBR,22/01/2023,6,NA,0,NA,0,0,0,0
Liberia,LBR,12/03/2023,9,NA,0,NA,0,0,0,0
Liberia,LBR,19/03/2023,10,NA,0,NA,1,0,0,0
Liberia,LBR,09/04/2023,10,NA,0,NA,0,0,0,0
Liberia,LBR,06/08/2023,12,NA,0,NA,0,0,0,0
Liberia,LBR,10/09/2023,12,NA,0,NA,0,0,0,0
Liberia,LBR,03/03/2024,20,17,0,0,0,0,0,0
Liberia,LBR,28/04/2024,22,36,0,0,0,0,0,0
Liberia,LBR,02/06/2024,22,36,0,0,0,0,0,0
Liberia,LBR,21/07/2024,22,47,0,0,0,0,0,0
Congo,COG,15/05/2022,2,NA,0,NA,0,0,0,0
Congo,COG,07/08/2022,2,NA,0,NA,0,0,0,0
Congo,COG,14/08/2022,3,NA,0,NA,1,0,0,0
Congo,COG,04/09/2022,3,NA,0,NA,0,0,0,0
Congo,COG,04/12/2022,5,NA,0,NA,0,0,0,0
Congo,COG,08/01/2023,5,NA,0,NA,0,0,0,0
Congo,COG,02/04/2023,5,NA,0,NA,0,0,0,0
Congo,COG,07/05/2023,5,NA,0,NA,0,0,0,0
Congo,COG,30/07/2023,5,NA,0,NA,0,0,0,0
Congo,COG,04/02/2024,30,11,2,0,0,2,0,0
Congo,COG,25/02/2024,37,43,2,0,2,7,0,0
Congo,COG,21/04/2024,45,78,2,0,0,1,0,0
Congo,COG,14/07/2024,45,150,2,0,0,1,0,0
Liberia,LBR,07/08/2022,2,NA,0,NA,1,0,0,0
Liberia,LBR,30/10/2022,3,NA,0,NA,0,0,0,0
Liberia,LBR,29/01/2023,7,NA,0,NA,1,0,0,0
Liberia,LBR,26/03/2023,10,NA,0,NA,0,0,0,0
Liberia,LBR,23/04/2023,12,NA,0,NA,2,0,0,0
Liberia,LBR,18/06/2023,12,NA,0,NA,0,0,0,0
Liberia,LBR,23/07/2023,12,NA,0,NA,0,0,0,0
Liberia,LBR,15/10/2023,12,NA,0,NA,0,0,0,0
Liberia,LBR,10/12/2023,17,NA,0,NA,0,0,0,0
Nigeria,NGA,31/07/2022,157,NA,3,NA,24,0,0,0
Nigeria,NGA,02/10/2022,481,NA,7,NA,25,0,0,0
Nigeria,NGA,18/06/2023,843,NA,9,NA,0,0,0,0
Nigeria,NGA,15/10/2023,846,NA,9,NA,0,0,0,0
Nigeria,NGA,07/01/2024,861,5,9,0,0,5,0,0
Nigeria,NGA,25/02/2024,867,151,9,0,0,41,0,0
Nigeria,NGA,17/03/2024,873,254,9,0,2,21,0,0
Nigeria,NGA,14/04/2024,881,389,9,0,1,26,0,0
Nigeria,NGA,05/05/2024,885,439,9,0,2,18,0,0
Nigeria,NGA,23/06/2024,892,610,9,0,1,6,0,0
Benin,BEN,24/07/2022,3,NA,0,NA,0,0,0,0
Benin,BEN,28/08/2022,3,NA,0,NA,0,0,0,0
Benin,BEN,02/10/2022,3,NA,0,NA,0,0,0,0
Benin,BEN,25/12/2022,3,NA,0,NA,0,0,0,0
Benin,BEN,29/01/2023,3,NA,0,NA,0,0,0,0
Benin,BEN,23/04/2023,3,NA,0,NA,0,0,0,0
Benin,BEN,28/05/2023,3,NA,0,NA,0,0,0,0
Benin,BEN,20/08/2023,3,NA,0,NA,0,0,0,0
Benin,BEN,24/09/2023,3,NA,0,NA,0,0,0,0
Benin,BEN,29/10/2023,3,NA,0,NA,0,0,0,0
Benin,BEN,21/01/2024,3,NA,0,NA,0,0,0,0
Benin,BEN,25/02/2024,3,NA,0,NA,0,0,0,0
Benin,BEN,19/05/2024,3,NA,0,NA,0,0,0,0
Benin,BEN,23/06/2024,3,NA,0,NA,0,0,0,0
Mozambique,MOZ,30/10/2022,1,NA,1,NA,0,0,0,0
Mozambique,MOZ,04/12/2022,1,NA,1,NA,0,0,0,0
Mozambique,MOZ,26/02/2023,1,NA,1,NA,0,0,0,0
Mozambique,MOZ,02/04/2023,1,NA,1,NA,0,0,0,0
Mozambique,MOZ,25/06/2023,1,NA,1,NA,0,0,0,0
Mozambique,MOZ,30/07/2023,1,NA,1,NA,0,0,0,0
Mozambique,MOZ,22/10/2023,1,NA,1,NA,0,0,0,0
Mozambique,MOZ,26/11/2023,1,NA,1,NA,0,0,0,0
Mozambique,MOZ,31/12/2023,1,NA,1,NA,0,0,0,0
Mozambique,MOZ,24/03/2024,1,NA,1,NA,0,0,0,0
Mozambique,MOZ,28/04/2024,1,NA,1,NA,0,0,0,0
Mozambique,MOZ,21/07/2024,1,NA,1,NA,0,0,0,0
Nigeria,NGA,23/01/2022,3,NA,0,NA,1,0,0,0
Nigeria,NGA,20/02/2022,4,NA,0,NA,1,0,0,0
Nigeria,NGA,10/04/2022,13,NA,1,NA,2,0,1,0
Nigeria,NGA,21/08/2022,241,NA,6,NA,21,0,2,0
Nigeria,NGA,11/06/2023,843,NA,9,NA,1,0,0,0
Nigeria,NGA,06/08/2023,846,NA,9,NA,0,0,0,0
Nigeria,NGA,10/09/2023,846,NA,9,NA,0,0,0,0
Nigeria,NGA,17/12/2023,860,NA,9,NA,1,0,0,0
Nigeria,NGA,21/01/2024,861,24,9,0,0,14,0,0
Nigeria,NGA,28/04/2024,883,421,9,0,2,12,0,0
Nigeria,NGA,26/05/2024,887,513,9,0,2,13,0,0
Nigeria,NGA,14/07/2024,898,698,9,0,0,34,0,0
Democratic Republic of the Congo,COD,19/06/2022,100,NA,0,NA,90,0,0,0
Democratic Republic of the Congo,COD,04/09/2022,174,NA,0,NA,0,0,0,0
Democratic Republic of the Congo,COD,02/10/2022,202,NA,0,NA,2,0,0,0
Democratic Republic of the Congo,COD,19/02/2023,420,NA,0,NA,33,0,0,0
Democratic Republic of the Congo,COD,26/02/2023,420,NA,0,NA,0,0,0,0
Democratic Republic of the Congo,COD,07/05/2023,604,NA,1,NA,46,0,1,0
Democratic Republic of the Congo,COD,11/06/2023,675,NA,2,NA,1,0,0,0
Democratic Republic of the Congo,COD,20/08/2023,868,NA,2,NA,8,0,0,0
Democratic Republic of the Congo,COD,27/08/2023,880,NA,2,NA,12,0,0,0
Democratic Republic of the Congo,COD,17/09/2023,899,NA,2,NA,10,0,0,0
Democratic Republic of the Congo,COD,05/11/2023,1075,NA,2,NA,29,0,0,0
Democratic Republic of the Congo,COD,12/05/2024,2587,6942,10,365,161,584,1,16
Democratic Republic of the Congo,COD,14/07/2024,4643,12708,22,486,275,981,0,24
Democratic Republic of the Congo,COD,28/07/2024,5079,14640,27,540,214,943,3,28
Democratic Republic of the Congo,COD,04/08/2024,5342,15838,27,574,263,1198,0,34
Benin,BEN,21/08/2022,3,NA,0,NA,0,0,0,0
Benin,BEN,25/09/2022,3,NA,0,NA,0,0,0,0
Benin,BEN,18/12/2022,3,NA,0,NA,0,0,0,0
Benin,BEN,22/01/2023,3,NA,0,NA,0,0,0,0
Benin,BEN,26/02/2023,3,NA,0,NA,0,0,0,0
Benin,BEN,21/05/2023,3,NA,0,NA,0,0,0,0
Benin,BEN,25/06/2023,3,NA,0,NA,0,0,0,0
Benin,BEN,17/09/2023,3,NA,0,NA,0,0,0,0
Benin,BEN,22/10/2023,3,NA,0,NA,0,0,0,0
Benin,BEN,14/01/2024,3,NA,0,NA,0,0,0,0
Benin,BEN,18/02/2024,3,NA,0,NA,0,0,0,0
Benin,BEN,24/03/2024,3,NA,0,NA,0,0,0,0
Benin,BEN,16/06/2024,3,NA,0,NA,0,0,0,0
Benin,BEN,21/07/2024,3,NA,0,NA,0,0,0,0
Burundi,BDI,04/08/2024,40,193,0,0,31,173,0,0
Cameroon,CMR,10/04/2022,3,NA,1,NA,0,0,0,0
Cameroon,CMR,08/05/2022,4,NA,1,NA,0,0,0,0
Cameroon,CMR,04/09/2022,8,NA,3,NA,0,0,0,0
Cameroon,CMR,20/11/2022,18,NA,3,NA,0,0,0,0
Cameroon,CMR,12/02/2023,18,NA,3,NA,0,0,0,0
Cameroon,CMR,19/03/2023,18,NA,3,NA,0,0,0,0
Cameroon,CMR,23/04/2023,18,NA,3,NA,0,0,0,0
Cameroon,CMR,21/05/2023,30,NA,3,NA,12,0,0,0
Cameroon,CMR,25/06/2023,41,NA,3,NA,1,0,0,0
Cameroon,CMR,27/08/2023,43,NA,3,NA,0,0,0,0
Cameroon,CMR,24/09/2023,44,NA,3,NA,0,0,0,0
Cameroon,CMR,22/10/2023,45,NA,3,NA,0,0,0,0
Cameroon,CMR,14/01/2024,47,4,4,1,2,4,1,1
Cameroon,CMR,18/02/2024,47,11,4,1,0,1,0,0
Cameroon,CMR,09/06/2024,50,29,5,2,0,0,0,0
Cameroon,CMR,14/07/2024,50,34,5,2,0,3,0,0
Central African Republic,CAF,09/01/2022,1,NA,0,NA,1,0,0,0
Central African Republic,CAF,24/04/2022,19,NA,0,NA,0,0,0,0
Central African Republic,CAF,29/05/2022,19,NA,0,NA,0,0,0,0
Central African Republic,CAF,24/07/2022,21,NA,0,NA,0,0,0,0
Central African Republic,CAF,13/11/2022,28,NA,0,NA,0,0,0,0
Central African Republic,CAF,18/12/2022,30,NA,0,NA,1,0,0,0
Central African Republic,CAF,05/02/2023,37,NA,0,NA,0,0,0,0
Central African Republic,CAF,26/02/2023,41,NA,1,NA,0,0,0,0
Central African Republic,CAF,30/04/2023,45,NA,1,NA,0,0,0,0
Central African Republic,CAF,23/07/2023,45,NA,1,NA,0,0,0,0
Central African Republic,CAF,27/08/2023,45,NA,1,NA,0,0,0,0
Central African Republic,CAF,19/11/2023,45,NA,1,NA,0,0,0,0
Central African Republic,CAF,10/03/2024,61,68,1,0,0,4,0,0
Central African Republic,CAF,05/05/2024,66,104,1,0,0,2,0,0
Central African Republic,CAF,02/06/2024,66,121,1,0,0,3,0,0
Central African Republic,CAF,21/07/2024,78,165,1,0,5,25,0,0
Central African Republic,CAF,04/08/2024,90,233,2,1,2,30,0,0
Congo,COG,24/04/2022,2,NA,0,NA,2,0,0,0
Congo,COG,22/05/2022,2,NA,0,NA,0,0,0,0
Congo,COG,26/06/2022,2,NA,0,NA,0,0,0,0
Congo,COG,31/07/2022,2,NA,0,NA,0,0,0,0
Congo,COG,28/08/2022,3,NA,0,NA,0,0,0,0
Congo,COG,18/09/2022,5,NA,0,NA,0,0,0,0
Congo,COG,23/10/2022,5,NA,0,NA,0,0,0,0
Congo,COG,15/01/2023,5,NA,0,NA,0,0,0,0
Congo,COG,19/02/2023,5,NA,0,NA,0,0,0,0
Congo,COG,26/03/2023,5,NA,0,NA,0,0,0,0
Congo,COG,18/06/2023,5,NA,0,NA,0,0,0,0
Congo,COG,23/07/2023,5,NA,0,NA,0,0,0,0
Congo,COG,13/08/2023,6,NA,0,NA,1,0,0,0
Congo,COG,29/10/2023,25,NA,2,NA,2,0,0,0
Congo,COG,24/12/2023,26,NA,2,NA,0,0,0,0
Congo,COG,02/06/2024,45,140,2,0,0,2,0,0
Congo,COG,07/07/2024,45,149,2,0,0,1,0,0
Democratic Republic of the Congo,COD,26/06/2022,100,NA,0,NA,0,0,0,0
Democratic Republic of the Congo,COD,31/07/2022,100,NA,0,NA,0,0,0,0
Democratic Republic of the Congo,COD,11/09/2022,174,NA,0,NA,0,0,0,0
Democratic Republic of the Congo,COD,25/12/2022,279,NA,0,NA,2,0,0,0
Democratic Republic of the Congo,COD,15/01/2023,333,NA,0,NA,17,0,0,0
Democratic Republic of the Congo,COD,28/05/2023,643,NA,2,NA,2,0,0,0
Democratic Republic of the Congo,COD,25/06/2023,734,NA,2,NA,34,0,0,0
Democratic Republic of the Congo,COD,02/07/2023,759,NA,2,NA,25,0,0,0
Democratic Republic of the Congo,COD,21/01/2024,1358,828,3,71,50,277,0,22
Democratic Republic of the Congo,COD,04/02/2024,1492,1575,3,135,43,406,0,35
Democratic Republic of the Congo,COD,18/02/2024,1622,2642,3,221,59,547,0,37
Democratic Republic of the Congo,COD,10/03/2024,1790,4006,4,283,48,381,0,8
Democratic Republic of the Congo,COD,31/03/2024,1949,4850,4,312,50,273,0,5
Democratic Republic of the Congo,COD,14/04/2024,2097,5400,5,325,76,258,0,4
Democratic Republic of the Congo,COD,16/06/2024,3631,9440,18,418,201,589,2,12
Ghana,GHA,29/05/2022,2,NA,0,NA,0,0,0,0
Ghana,GHA,31/07/2022,52,NA,1,NA,14,0,1,0
Ghana,GHA,07/08/2022,56,NA,1,NA,4,0,0,0
Ghana,GHA,18/09/2022,96,NA,4,NA,3,0,0,0
Ghana,GHA,01/01/2023,122,NA,4,NA,0,0,0,0
Ghana,GHA,26/02/2023,124,NA,4,NA,0,0,0,0
Ghana,GHA,26/03/2023,125,NA,4,NA,0,0,0,0
Ghana,GHA,23/04/2023,126,NA,4,NA,0,0,0,0
Ghana,GHA,18/06/2023,128,NA,4,NA,0,0,0,0
Ghana,GHA,23/07/2023,128,NA,4,NA,0,0,0,0
Ghana,GHA,15/10/2023,128,NA,4,NA,0,0,0,0
Ghana,GHA,19/11/2023,128,NA,4,NA,0,0,0,0
Ghana,GHA,24/12/2023,128,NA,4,NA,0,0,0,0
Ghana,GHA,17/03/2024,128,NA,4,NA,0,0,0,0
Ghana,GHA,21/04/2024,128,NA,4,NA,0,0,0,0
Ghana,GHA,17/04/2022,2,NA,0,NA,0,0,0,0
Ghana,GHA,22/05/2022,2,NA,0,NA,0,0,0,0
Ghana,GHA,05/06/2022,8,NA,0,NA,6,0,0,0
Ghana,GHA,18/12/2022,117,NA,4,NA,0,0,0,0
Ghana,GHA,08/01/2023,122,NA,4,NA,0,0,0,0
Ghana,GHA,09/04/2023,126,NA,4,NA,1,0,0,0
Ghana,GHA,07/05/2023,127,NA,4,NA,1,0,0,0
Ghana,GHA,11/06/2023,128,NA,4,NA,0,0,0,0
Ghana,GHA,03/09/2023,128,NA,4,NA,0,0,0,0
Ghana,GHA,08/10/2023,128,NA,4,NA,0,0,0,0
Ghana,GHA,31/12/2023,128,NA,4,NA,0,0,0,0
Central African Republic,CAF,25/08/2024,94,272,2,1,2,7,0,0
Congo,COG,01/09/2024,47,184,2,0,0,0,0,0
Central African Republic,CAF,01/09/2024,94,278,2,1,0,6,0,0
Nigeria,NGA,01/09/2024,919,959,9,0,8,74,0,0
Benin,BEN,01/09/2024,3,NA,0,NA,0,0,0,0
Benin,BEN,08/09/2024,3,NA,0,NA,0,0,0,0
Côte d’Ivoire,CIV,25/08/2024,42,118,1,0,8,62,0,0
Côte d’Ivoire,CIV,08/09/2024,48,222,1,0,2,32,0,0
Côte d’Ivoire,CIV,01/09/2024,46,190,1,0,4,72,0,0
Democratic Republic of the Congo,COD,01/09/2024,6293,22850,27,750,201,1832,0,64
Guinea,GIN,08/09/2024,1,8,0,0,0,4,0,0
Mozambique,MOZ,25/08/2024,1,NA,1,NA,0,0,0,0
Mozambique,MOZ,08/09/2024,1,NA,1,NA,0,0,0,0
Benin,BEN,19/11/2023,3,NA,0,NA,0,0,0,0
Benin,BEN,11/02/2024,3,NA,0,NA,0,0,0,0
Benin,BEN,17/03/2024,3,NA,0,NA,0,0,0,0
Benin,BEN,09/06/2024,3,NA,0,NA,0,0,0,0
Benin,BEN,14/07/2024,3,NA,0,NA,0,0,0,0
Cameroon,CMR,24/04/2022,3,NA,1,NA,0,0,0,0
Cameroon,CMR,01/05/2022,4,NA,1,NA,1,0,0,0
Cameroon,CMR,22/05/2022,4,NA,1,NA,0,0,0,0
Cameroon,CMR,24/07/2022,8,NA,1,NA,0,0,0,0
Cameroon,CMR,14/08/2022,8,NA,3,NA,0,0,0,0
Cameroon,CMR,04/12/2022,18,NA,3,NA,0,0,0,0
Cameroon,CMR,08/01/2023,18,NA,3,NA,0,0,0,0
Cameroon,CMR,02/04/2023,18,NA,3,NA,0,0,0,0
Cameroon,CMR,07/05/2023,18,NA,3,NA,0,0,0,0
Cameroon,CMR,28/05/2023,31,NA,3,NA,1,0,0,0
Cameroon,CMR,18/06/2023,40,NA,3,NA,0,0,0,0
Cameroon,CMR,06/08/2023,43,NA,3,NA,0,0,0,0
Cameroon,CMR,05/11/2023,45,NA,3,NA,0,0,0,0
Cameroon,CMR,10/12/2023,45,NA,3,NA,0,0,0,0
Cameroon,CMR,03/03/2024,47,15,4,1,0,3,0,0
Cameroon,CMR,05/05/2024,50,26,5,2,0,0,0,0
Cameroon,CMR,28/07/2024,50,34,5,2,0,0,0,0
Central African Republic,CAF,16/01/2022,4,NA,0,NA,3,0,0,0
Central African Republic,CAF,13/03/2022,12,NA,0,NA,0,0,0,0
Central African Republic,CAF,03/07/2022,19,NA,0,NA,0,0,0,0
Central African Republic,CAF,31/07/2022,22,NA,0,NA,1,0,0,0
Central African Republic,CAF,07/08/2022,22,NA,0,NA,0,0,0,0
Central African Republic,CAF,04/09/2022,23,NA,0,NA,0,0,0,0
Central African Republic,CAF,30/10/2022,28,NA,0,NA,0,0,0,0
Central African Republic,CAF,25/12/2022,30,NA,0,NA,0,0,0,0
Cameroon,CMR,17/04/2022,3,NA,1,NA,0,0,0,0
Cameroon,CMR,15/05/2022,4,NA,1,NA,0,0,0,0
Cameroon,CMR,05/06/2022,5,NA,1,NA,1,0,0,0
Cameroon,CMR,12/06/2022,5,NA,1,NA,0,0,0,0
Cameroon,CMR,03/07/2022,8,NA,1,NA,2,0,0,0
Cameroon,CMR,25/09/2022,10,NA,3,NA,1,0,0,0
Cameroon,CMR,02/10/2022,10,NA,3,NA,0,0,0,0
Cameroon,CMR,27/11/2022,18,NA,3,NA,0,0,0,0
Cameroon,CMR,19/02/2023,18,NA,3,NA,0,0,0,0
Cameroon,CMR,26/03/2023,18,NA,3,NA,0,0,0,0
Cameroon,CMR,29/10/2023,45,NA,3,NA,0,0,0,0
Cameroon,CMR,21/01/2024,47,7,4,1,0,3,0,0
Cameroon,CMR,12/05/2024,50,27,5,2,0,1,0,0
Cameroon,CMR,16/06/2024,50,29,5,2,0,0,0,0
Cameroon,CMR,06/03/2022,1,NA,0,NA,1,0,0,0
Cameroon,CMR,27/03/2022,3,NA,1,NA,0,0,0,0
Cameroon,CMR,29/05/2022,4,NA,1,NA,0,0,0,0
Cameroon,CMR,31/07/2022,8,NA,1,NA,0,0,0,0
Cameroon,CMR,21/08/2022,8,NA,3,NA,0,0,0,0
Cameroon,CMR,18/09/2022,9,NA,3,NA,0,0,0,0
Cameroon,CMR,23/10/2022,12,NA,3,NA,0,0,0,0
Cameroon,CMR,13/11/2022,18,NA,3,NA,2,0,0,0
Cameroon,CMR,11/12/2022,18,NA,3,NA,0,0,0,0
Cameroon,CMR,15/01/2023,18,NA,3,NA,0,0,0,0
Cameroon,CMR,09/04/2023,18,NA,3,NA,0,0,0,0
Cameroon,CMR,14/05/2023,18,NA,3,NA,0,0,0,0
Cameroon,CMR,11/06/2023,40,NA,3,NA,8,0,0,0
Cameroon,CMR,13/08/2023,43,NA,3,NA,0,0,0,0
Cameroon,CMR,12/11/2023,45,NA,3,NA,0,0,0,0
Cameroon,CMR,17/12/2023,45,NA,3,NA,0,0,0,0
Cameroon,CMR,04/02/2024,47,9,4,1,0,1,0,0
Cameroon,CMR,10/03/2024,47,16,4,1,0,1,0,0
Cameroon,CMR,30/06/2024,50,30,5,2,0,1,0,0
Cameroon,CMR,04/08/2024,50,34,5,2,0,0,0,0
Central African Republic,CAF,06/02/2022,6,NA,0,NA,1,0,0,0
Central African Republic,CAF,20/02/2022,12,NA,0,NA,4,0,0,0
Central African Republic,CAF,27/02/2022,12,NA,0,NA,0,0,0,0
Central African Republic,CAF,20/03/2022,16,NA,0,NA,4,0,0,0
Central African Republic,CAF,15/05/2022,19,NA,0,NA,0,0,0,0
Central African Republic,CAF,19/06/2022,19,NA,0,NA,0,0,0,0
Central African Republic,CAF,17/07/2022,21,NA,0,NA,2,0,0,0
Central African Republic,CAF,14/08/2022,23,NA,0,NA,1,0,0,0
Central African Republic,CAF,11/09/2022,24,NA,0,NA,1,0,0,0
Central African Republic,CAF,18/09/2022,24,NA,0,NA,0,0,0,0
Central African Republic,CAF,04/12/2022,28,NA,0,NA,0,0,0,0
Central African Republic,CAF,12/03/2023,43,NA,1,NA,2,0,0,0
Central African Republic,CAF,04/06/2023,45,NA,1,NA,0,0,0,0
Central African Republic,CAF,09/07/2023,45,NA,1,NA,0,0,0,0
Central African Republic,CAF,01/10/2023,45,NA,1,NA,0,0,0,0
Central African Republic,CAF,05/11/2023,45,NA,1,NA,0,0,0,0
Central African Republic,CAF,10/12/2023,45,NA,1,NA,0,0,0,0
Central African Republic,CAF,21/01/2024,51,19,1,0,4,3,0,0
Central African Republic,CAF,30/06/2024,71,136,1,0,1,4,0,0
Central African Republic,CAF,28/07/2024,88,203,2,1,10,38,1,1
Congo,COG,10/07/2022,2,NA,0,NA,0,0,0,0
Congo,COG,06/11/2022,5,NA,0,NA,0,0,0,0
Congo,COG,11/12/2022,5,NA,0,NA,0,0,0,0
Congo,COG,05/03/2023,5,NA,0,NA,0,0,0,0
Congo,COG,09/04/2023,5,NA,0,NA,0,0,0,0
Congo,COG,14/05/2023,5,NA,0,NA,0,0,0,0
Congo,COG,06/08/2023,5,NA,0,NA,0,0,0,0
Congo,COG,27/08/2023,12,NA,0,NA,4,0,0,0
Congo,COG,24/03/2024,45,75,2,0,0,4,0,0
Congo,COG,28/04/2024,45,81,2,0,0,3,0,0
Congo,COG,21/07/2024,45,154,2,0,0,4,0,0
Central African Republic,CAF,06/03/2022,12,NA,0,NA,0,0,0,0
Central African Republic,CAF,27/03/2022,18,NA,0,NA,2,0,0,0
Central African Republic,CAF,22/05/2022,19,NA,0,NA,0,0,0,0
Central African Republic,CAF,26/06/2022,19,NA,0,NA,0,0,0,0
Central African Republic,CAF,08/01/2023,33,NA,0,NA,2,0,0,0
Central African Republic,CAF,26/03/2023,45,NA,1,NA,2,0,0,0
Central African Republic,CAF,23/04/2023,45,NA,1,NA,0,0,0,0
Central African Republic,CAF,28/05/2023,45,NA,1,NA,0,0,0,0
Central African Republic,CAF,20/08/2023,45,NA,1,NA,0,0,0,0
Central African Republic,CAF,24/09/2023,45,NA,1,NA,0,0,0,0
Central African Republic,CAF,17/12/2023,45,NA,1,NA,0,0,0,0
Central African Republic,CAF,24/12/2023,46,NA,1,NA,1,0,0,0
Central African Republic,CAF,25/02/2024,61,60,1,0,4,2,0,0
Central African Republic,CAF,03/03/2024,61,64,1,0,0,4,0,0
Central African Republic,CAF,28/04/2024,66,102,1,0,0,2,0,0
Central African Republic,CAF,23/06/2024,70,132,1,0,2,5,0,0
Congo,COG,29/05/2022,2,NA,0,NA,0,0,0,0
Congo,COG,03/07/2022,2,NA,0,NA,0,0,0,0
Congo,COG,25/09/2022,5,NA,0,NA,0,0,0,0
Congo,COG,30/10/2022,5,NA,0,NA,0,0,0,0
Congo,COG,22/01/2023,5,NA,0,NA,0,0,0,0
Congo,COG,26/02/2023,5,NA,0,NA,0,0,0,0
Congo,COG,21/05/2023,5,NA,0,NA,0,0,0,0
Congo,COG,25/06/2023,5,NA,0,NA,0,0,0,0
Congo,COG,20/08/2023,8,NA,0,NA,2,0,0,0
Congo,COG,10/09/2023,17,NA,0,NA,4,0,0,0
Congo,COG,08/10/2023,19,NA,1,NA,1,0,1,0
Congo,COG,26/11/2023,26,NA,2,NA,0,0,0,0
Congo,COG,31/12/2023,26,NA,2,NA,0,0,0,0
Congo,COG,21/01/2024,28,5,2,0,1,2,0,0
Congo,COG,05/05/2024,45,88,2,0,0,7,0,0
Congo,COG,09/06/2024,45,143,2,0,0,3,0,0
Benin,BEN,26/06/2022,3,NA,0,NA,3,0,0,0
Benin,BEN,31/07/2022,3,NA,0,NA,0,0,0,0
Benin,BEN,04/09/2022,3,NA,0,NA,0,0,0,0
Benin,BEN,27/11/2022,3,NA,0,NA,0,0,0,0
Benin,BEN,01/01/2023,3,NA,0,NA,0,0,0,0
Benin,BEN,26/03/2023,3,NA,0,NA,0,0,0,0
Benin,BEN,30/04/2023,3,NA,0,NA,0,0,0,0
Benin,BEN,04/06/2023,3,NA,0,NA,0,0,0,0
Benin,BEN,27/08/2023,3,NA,0,NA,0,0,0,0
Benin,BEN,01/10/2023,3,NA,0,NA,0,0,0,0
Benin,BEN,24/12/2023,3,NA,0,NA,0,0,0,0
Benin,BEN,28/01/2024,3,NA,0,NA,0,0,0,0
Benin,BEN,21/04/2024,3,NA,0,NA,0,0,0,0
Benin,BEN,26/05/2024,3,NA,0,NA,0,0,0,0
Benin,BEN,30/06/2024,3,NA,0,NA,0,0,0,0
Cameroon,CMR,13/03/2022,2,NA,1,NA,1,0,1,0
Cameroon,CMR,09/10/2022,10,NA,3,NA,0,0,0,0
Cameroon,CMR,22/01/2023,18,NA,3,NA,0,0,0,0
Cameroon,CMR,26/02/2023,18,NA,3,NA,0,0,0,0
Cameroon,CMR,30/07/2023,43,NA,3,NA,1,0,0,0
Cameroon,CMR,24/12/2023,45,NA,3,NA,0,0,0,0
Cameroon,CMR,28/01/2024,47,8,4,1,0,1,0,0
Cameroon,CMR,14/04/2024,50,25,5,2,2,2,1,1
Cameroon,CMR,19/05/2024,50,27,5,2,0,0,0,0
Cameroon,CMR,23/06/2024,50,29,5,2,0,0,0,0
Central African Republic,CAF,13/02/2022,8,NA,0,NA,2,0,0,0
Central African Republic,CAF,10/04/2022,18,NA,0,NA,0,0,0,0
Central African Republic,CAF,08/05/2022,19,NA,0,NA,0,0,0,0
Central African Republic,CAF,28/08/2022,23,NA,0,NA,0,0,0,0
Central African Republic,CAF,23/10/2022,28,NA,0,NA,0,0,0,0
Central African Republic,CAF,27/11/2022,28,NA,0,NA,0,0,0,0
Central African Republic,CAF,15/01/2023,35,NA,0,NA,2,0,0,0
Benin,BEN,10/07/2022,3,NA,0,NA,0,0,0,0
Benin,BEN,14/08/2022,3,NA,0,NA,0,0,0,0
Benin,BEN,06/11/2022,3,NA,0,NA,0,0,0,0
Benin,BEN,11/12/2022,3,NA,0,NA,0,0,0,0
Benin,BEN,05/03/2023,3,NA,0,NA,0,0,0,0
Benin,BEN,09/04/2023,3,NA,0,NA,0,0,0,0
Benin,BEN,02/07/2023,3,NA,0,NA,0,0,0,0
Democratic Republic of the Congo,COD,12/06/2022,10,NA,0,NA,0,0,0,0
Democratic Republic of the Congo,COD,17/07/2022,100,NA,0,NA,0,0,0,0
Democratic Republic of the Congo,COD,21/08/2022,149,NA,0,NA,0,0,0,0
Democratic Republic of the Congo,COD,25/09/2022,200,NA,0,NA,10,0,0,0
Democratic Republic of the Congo,COD,09/10/2022,228,NA,0,NA,26,0,0,0
Democratic Republic of the Congo,COD,11/12/2022,275,NA,0,NA,0,0,0,0
Democratic Republic of the Congo,COD,04/06/2023,674,NA,2,NA,31,0,0,0
Democratic Republic of the Congo,COD,23/07/2023,828,NA,2,NA,11,0,0,0
Democratic Republic of the Congo,COD,03/12/2023,1178,NA,2,NA,7,0,0,0
Democratic Republic of the Congo,COD,24/12/2023,1230,NA,2,NA,30,0,0,0
Democratic Republic of the Congo,COD,14/01/2024,1308,551,3,49,40,296,1,26
Democratic Republic of the Congo,COD,11/02/2024,1563,2095,3,184,71,520,0,49
Democratic Republic of the Congo,COD,07/04/2024,2021,5142,5,321,72,292,1,9
Democratic Republic of the Congo,COD,19/05/2024,2740,7396,12,371,153,454,2,6
Central African Republic,CAF,09/04/2023,45,NA,1,NA,0,0,0,0
Central African Republic,CAF,02/07/2023,45,NA,1,NA,0,0,0,0
Central African Republic,CAF,06/08/2023,45,NA,1,NA,0,0,0,0
Central African Republic,CAF,29/10/2023,45,NA,1,NA,0,0,0,0
Congo,COG,10/03/2024,45,61,2,0,8,16,0,0
Congo,COG,17/03/2024,45,71,2,0,0,10,0,0
Democratic Republic of the Congo,COD,24/07/2022,100,NA,0,NA,0,0,0,0
Democratic Republic of the Congo,COD,14/08/2022,149,NA,0,NA,49,0,0,0
Democratic Republic of the Congo,COD,30/10/2022,251,NA,0,NA,1,0,0,0
Democratic Republic of the Congo,COD,13/11/2022,258,NA,0,NA,6,0,0,0
Democratic Republic of the Congo,COD,27/11/2022,272,NA,0,NA,10,0,0,0
Democratic Republic of the Congo,COD,04/12/2022,275,NA,0,NA,3,0,0,0
Democratic Republic of the Congo,COD,01/01/2023,279,NA,0,NA,0,0,0,0
Democratic Republic of the Congo,COD,08/01/2023,316,NA,0,NA,37,0,0,0
Democratic Republic of the Congo,COD,22/01/2023,355,NA,0,NA,22,0,0,0
Democratic Republic of the Congo,COD,29/01/2023,377,NA,0,NA,22,0,0,0
Democratic Republic of the Congo,COD,12/03/2023,441,NA,0,NA,0,0,0,0
Democratic Republic of the Congo,COD,02/04/2023,453,NA,0,NA,2,0,0,0
Democratic Republic of the Congo,COD,16/04/2023,556,NA,0,NA,39,0,0,0
Democratic Republic of the Congo,COD,23/04/2023,556,NA,0,NA,0,0,0,0
Democratic Republic of the Congo,COD,06/08/2023,849,NA,2,NA,15,0,0,0
Democratic Republic of the Congo,COD,01/10/2023,925,NA,2,NA,14,0,0,0
Democratic Republic of the Congo,COD,15/10/2023,982,NA,2,NA,30,0,0,0
Democratic Republic of the Congo,COD,31/12/2023,1245,NA,2,NA,15,0,0,0
Democratic Republic of the Congo,COD,25/02/2024,1673,3255,3,261,51,613,0,40
Democratic Republic of the Congo,COD,28/04/2024,2241,5918,8,337,77,261,2,5
Congo,COG,31/03/2024,45,75,2,0,0,0,0,0
Congo,COG,23/06/2024,45,148,2,0,0,3,0,0
Congo,COG,28/07/2024,45,160,2,0,0,6,0,0
Benin,BEN,06/08/2023,3,NA,0,NA,0,0,0,0
Benin,BEN,10/09/2023,3,NA,0,NA,0,0,0,0
Benin,BEN,03/12/2023,3,NA,0,NA,0,0,0,0
Benin,BEN,07/01/2024,3,NA,0,NA,0,0,0,0
Benin,BEN,31/03/2024,3,NA,0,NA,0,0,0,0
Benin,BEN,05/05/2024,3,NA,0,NA,0,0,0,0
Benin,BEN,28/07/2024,3,NA,0,NA,0,0,0,0
Democratic Republic of the Congo,COD,29/05/2022,10,NA,0,NA,0,0,0,0
Democratic Republic of the Congo,COD,10/09/2023,889,NA,2,NA,3,0,0,0
Democratic Republic of the Congo,COD,29/10/2023,1046,NA,2,NA,35,0,0,0
Democratic Republic of the Congo,COD,03/03/2024,1742,3625,4,275,69,370,1,14
Democratic Republic of the Congo,COD,02/06/2024,3181,8291,15,395,228,427,2,12
Democratic Republic of the Congo,COD,23/06/2024,3867,10035,18,425,236,595,0,7
Democratic Republic of the Congo,COD,30/06/2024,4113,10855,22,435,246,820,4,10
Cameroon,CMR,19/06/2022,6,NA,1,NA,1,0,0,0
Cameroon,CMR,26/06/2022,6,NA,1,NA,0,0,0,0
Cameroon,CMR,17/07/2022,8,NA,1,NA,0,0,0,0
Cameroon,CMR,30/10/2022,16,NA,3,NA,4,0,0,0
Cameroon,CMR,06/11/2022,16,NA,3,NA,0,0,0,0
Cameroon,CMR,01/01/2023,18,NA,3,NA,0,0,0,0
Cameroon,CMR,05/02/2023,18,NA,3,NA,0,0,0,0
Cameroon,CMR,30/04/2023,18,NA,3,NA,0,0,0,0
Cameroon,CMR,09/07/2023,41,NA,3,NA,0,0,0,0
Liberia,LBR,14/01/2024,18,4,0,0,1,4,0,0
Liberia,LBR,21/01/2024,18,4,0,0,0,0,0,0
Liberia,LBR,12/05/2024,22,36,0,0,0,0,0,0
Liberia,LBR,16/06/2024,22,36,0,0,0,0,0,0
Mozambique,MOZ,20/11/2022,1,NA,1,NA,0,0,0,0
Mozambique,MOZ,25/12/2022,1,NA,1,NA,0,0,0,0
Mozambique,MOZ,19/03/2023,1,NA,1,NA,0,0,0,0
Mozambique,MOZ,23/04/2023,1,NA,1,NA,0,0,0,0
Mozambique,MOZ,16/07/2023,1,NA,1,NA,0,0,0,0
Mozambique,MOZ,20/08/2023,1,NA,1,NA,0,0,0,0
Mozambique,MOZ,24/09/2023,1,NA,1,NA,0,0,0,0
Mozambique,MOZ,17/12/2023,1,NA,1,NA,0,0,0,0
Mozambique,MOZ,21/01/2024,1,NA,1,NA,0,0,0,0
Mozambique,MOZ,14/04/2024,1,NA,1,NA,0,0,0,0
Mozambique,MOZ,19/05/2024,1,NA,1,NA,0,0,0,0
Nigeria,NGA,16/01/2022,2,NA,0,NA,1,0,0,0
Nigeria,NGA,01/05/2022,15,NA,1,NA,1,0,0,0
Nigeria,NGA,10/07/2022,101,NA,3,NA,17,0,0,0
